order_id,customer_id,product_id,order_date,quantity,discount
O00001,C0073,P0082,2025-09-24,2,0.0
O00002,C0221,P0022,2025-05-11,2,0.1
O00003,C0408,P0020,2025-12-30,2,0.0
O00004,C0138,P0045,2026-03-10,4,0.1
O00005,C0460,P0021,2025-11-24,3,0.2
O00006,C0481,P0081,2025-12-30,4,0.1
O00007,C0270,P0052,2026-05-09,4,0.05
O00008,C0161,P0094,2025-01-24,2,0.2
O00009,C0234,P0039,2026-06-08,2,0.15
O00010,C0116,P0017,2025-09-20,3,0.05
O00011,C0253,P0088,2025-10-30,1,0.0
O00012,C0395,P0051,2025-04-01,2,0.15
O00013,C0173,P0081,2025-02-25,3,0.2
O00014,C0279,P0091,2026-05-30,3,0.2
O00015,C0466,P0014,2025-04-16,3,0.1
O00016,C0496,P0088,2025-08-22,1,0.15
O00017,C0241,P0057,2025-09-18,1,0.15
O00018,C0137,P0014,2025-12-25,1,0.05
O00019,C0479,P0082,2025-05-29,1,0.15
O00020,C0105,P0011,2025-10-21,1,0.15
O00021,C0393,P0064,2025-06-13,2,0.15
O00022,C0387,P0053,2025-09-09,2,0.15
O00023,C0057,P0020,2025-05-16,3,0.05
O00024,C0258,P0091,2025-10-18,1,0.1
O00025,C0106,P0037,2025-11-09,1,0.0
O00026,C0061,P0030,2025-02-06,4,0.05
O00027,C0237,P0020,2025-09-02,3,0.15
O00028,C0317,P0027,2025-02-02,4,0.2
O00029,C0436,P0050,2025-09-09,3,0.2
O00030,C0163,P0061,2026-05-19,3,0.2
O00031,C0287,P0100,2025-04-16,4,0.1
O00032,C0466,P0062,2026-04-28,1,0.05
O00033,C0058,P0039,2026-01-29,3,0.15
O00034,C0387,P0017,2025-01-08,2,0.2
O00035,C0129,P0075,2025-02-19,1,0.2
O00036,C0170,P0034,2025-12-30,2,0.2
O00037,C0233,P0023,2026-01-11,1,0.15
O00038,C0310,P0094,2025-06-09,4,0.2
O00039,C0459,P0042,2025-10-04,3,0.1
O00040,C0136,P0010,2025-10-27,1,0.0
O00041,C0332,P0066,2025-08-08,4,0.15
O00042,C0500,P0056,2025-12-25,2,0.15
O00043,C0156,P0051,2025-11-26,2,0.15
O00044,C0494,P0012,2025-01-27,1,0.05
O00045,C0344,P0065,2026-01-07,4,0.0
O00046,C0165,P0027,2025-12-08,2,0.1
O00047,C0102,P0005,2026-04-19,2,0.05
O00048,C0070,P0056,2026-06-21,2,0.15
O00049,C0103,P0076,2025-11-12,1,0.15
O00050,C0278,P0043,2025-02-22,3,0.05
O00051,C0257,P0085,2025-08-30,4,0.0
O00052,C0012,P0026,2026-04-18,4,0.0
O00053,C0481,P0017,2026-01-16,3,0.2
O00054,C0267,P0082,2025-06-08,4,0.2
O00055,C0165,P0094,2025-06-05,2,0.0
O00056,C0333,P0087,2025-10-11,4,0.1
O00057,C0362,P0045,2025-04-06,1,0.05
O00058,C0364,P0042,2025-11-23,2,0.15
O00059,C0174,P0043,2026-06-15,3,0.2
O00060,C0221,P0037,2026-03-23,3,0.05
O00061,C0283,P0087,2025-03-09,3,0.15
O00062,C0102,P0034,2025-05-18,3,0.0
O00063,C0116,P0085,2025-11-15,3,0.1
O00064,C0385,P0048,2025-12-07,1,0.2
O00065,C0412,P0022,2026-03-15,4,0.1
O00066,C0491,P0031,2025-07-01,1,0.0
O00067,C0360,P0006,2025-05-22,4,0.05
O00068,C0446,P0002,2025-06-20,3,0.0
O00069,C0450,P0078,2026-04-06,1,0.05
O00070,C0216,P0028,2025-04-22,3,0.1
O00071,C0093,P0051,2025-06-28,4,0.05
O00072,C0079,P0068,2025-12-20,1,0.15
O00073,C0029,P0039,2026-02-21,4,0.05
O00074,C0490,P0065,2026-04-02,3,0.0
O00075,C0382,P0036,2025-01-07,4,0.2
O00076,C0096,P0097,2025-01-04,2,0.2
O00077,C0361,P0093,2026-05-28,2,0.05
O00078,C0073,P0055,2026-05-06,3,0.15
O00079,C0223,P0063,2025-04-04,3,0.05
O00080,C0328,P0069,2026-06-06,2,0.2
O00081,C0116,P0001,2025-07-01,2,0.05
O00082,C0061,P0036,2026-05-14,3,0.1
O00083,C0092,P0060,2026-04-18,3,0.2
O00084,C0421,P0005,2026-02-03,4,0.05
O00085,C0381,P0060,2026-03-05,4,0.0
O00086,C0127,P0039,2025-01-03,4,0.15
O00087,C0126,P0099,2025-08-18,1,0.2
O00088,C0063,P0082,2025-05-22,4,0.05
O00089,C0485,P0080,2025-01-30,1,0.15
O00090,C0364,P0040,2026-06-04,2,0.15
O00091,C0050,P0070,2025-10-26,1,0.1
O00092,C0440,P0053,2026-06-15,3,0.0
O00093,C0298,P0088,2026-03-22,3,0.05
O00094,C0220,P0091,2025-05-30,1,0.05
O00095,C0049,P0014,2025-05-12,4,0.1
O00096,C0437,P0095,2025-02-25,1,0.2
O00097,C0288,P0085,2025-05-08,3,0.2
O00098,C0438,P0065,2025-12-01,3,0.1
O00099,C0453,P0077,2025-05-31,2,0.05
O00100,C0348,P0097,2025-10-04,1,0.15
O00101,C0194,P0016,2026-02-08,1,0.15
O00102,C0123,P0075,2026-01-18,3,0.15
O00103,C0246,P0041,2026-01-30,1,0.0
O00104,C0475,P0100,2025-08-28,1,0.1
O00105,C0457,P0031,2025-11-20,2,0.15
O00106,C0284,P0097,2025-06-06,4,0.15
O00107,C0366,P0020,2025-05-20,2,0.05
O00108,C0163,P0036,2025-10-04,3,0.15
O00109,C0367,P0018,2025-09-02,1,0.15
O00110,C0095,P0034,2025-05-13,4,0.0
O00111,C0134,P0079,2026-01-28,1,0.0
O00112,C0465,P0025,2025-09-13,1,0.2
O00113,C0197,P0008,2025-03-09,2,0.1
O00114,C0060,P0082,2025-07-26,2,0.2
O00115,C0467,P0045,2026-02-11,3,0.05
O00116,C0222,P0021,2026-04-26,1,0.1
O00117,C0255,P0050,2025-07-16,3,0.05
O00118,C0090,P0022,2025-03-14,4,0.1
O00119,C0295,P0022,2025-02-27,2,0.1
O00120,C0247,P0063,2026-01-07,3,0.15
O00121,C0289,P0012,2025-04-08,1,0.1
O00122,C0023,P0064,2025-04-14,3,0.15
O00123,C0341,P0004,2025-07-01,2,0.0
O00124,C0253,P0089,2025-05-12,3,0.15
O00125,C0209,P0041,2025-01-13,1,0.15
O00126,C0120,P0003,2026-02-10,1,0.2
O00127,C0298,P0045,2026-06-05,3,0.1
O00128,C0031,P0002,2025-06-13,1,0.15
O00129,C0173,P0013,2025-03-24,4,0.0
O00130,C0262,P0036,2026-04-20,1,0.05
O00131,C0341,P0018,2025-08-17,3,0.15
O00132,C0264,P0050,2026-01-22,3,0.2
O00133,C0038,P0075,2025-05-08,3,0.2
O00134,C0498,P0017,2026-03-02,2,0.15
O00135,C0493,P0081,2025-11-27,1,0.2
O00136,C0201,P0027,2025-07-26,2,0.2
O00137,C0095,P0051,2026-04-15,4,0.0
O00138,C0170,P0059,2025-12-08,1,0.05
O00139,C0181,P0019,2026-03-13,1,0.0
O00140,C0459,P0083,2025-01-12,3,0.0
O00141,C0124,P0027,2025-06-23,4,0.15
O00142,C0179,P0061,2026-03-25,1,0.2
O00143,C0057,P0052,2025-07-15,4,0.05
O00144,C0139,P0021,2026-05-22,3,0.0
O00145,C0399,P0062,2025-04-25,2,0.0
O00146,C0048,P0068,2025-01-18,4,0.15
O00147,C0226,P0066,2026-06-22,2,0.2
O00148,C0433,P0001,2025-09-17,3,0.2
O00149,C0422,P0072,2025-11-14,2,0.0
O00150,C0017,P0050,2025-09-03,1,0.2
O00151,C0117,P0057,2025-11-11,1,0.0
O00152,C0424,P0005,2025-06-01,3,0.1
O00153,C0247,P0014,2025-10-13,2,0.2
O00154,C0257,P0098,2026-05-07,1,0.0
O00155,C0096,P0087,2025-11-22,2,0.15
O00156,C0373,P0084,2025-03-02,4,0.0
O00157,C0355,P0067,2025-12-29,2,0.05
O00158,C0284,P0060,2025-12-11,3,0.1
O00159,C0304,P0062,2025-09-28,3,0.0
O00160,C0422,P0048,2026-05-22,1,0.1
O00161,C0408,P0065,2026-02-20,4,0.1
O00162,C0354,P0006,2026-03-03,1,0.1
O00163,C0129,P0095,2026-03-03,1,0.2
O00164,C0233,P0048,2026-06-29,1,0.0
O00165,C0090,P0013,2025-03-10,2,0.15
O00166,C0324,P0084,2025-02-04,1,0.2
O00167,C0069,P0005,2025-11-02,4,0.0
O00168,C0323,P0078,2026-02-04,3,0.05
O00169,C0039,P0002,2025-06-14,1,0.2
O00170,C0051,P0072,2026-06-16,2,0.2
O00171,C0181,P0093,2025-06-08,1,0.15
O00172,C0025,P0069,2025-12-05,2,0.2
O00173,C0106,P0052,2025-07-17,4,0.0
O00174,C0497,P0031,2025-02-18,3,0.15
O00175,C0076,P0087,2025-03-10,1,0.15
O00176,C0460,P0001,2025-05-24,2,0.05
O00177,C0297,P0100,2025-06-20,2,0.15
O00178,C0145,P0034,2025-03-09,4,0.15
O00179,C0361,P0036,2026-02-26,1,0.05
O00180,C0291,P0070,2025-07-22,1,0.15
O00181,C0201,P0063,2026-03-02,2,0.15
O00182,C0105,P0032,2025-02-11,4,0.15
O00183,C0208,P0023,2025-01-06,1,0.05
O00184,C0164,P0024,2026-03-25,3,0.2
O00185,C0441,P0084,2025-02-17,2,0.0
O00186,C0451,P0034,2026-03-25,3,0.05
O00187,C0451,P0067,2025-09-05,3,0.0
O00188,C0477,P0024,2026-02-20,4,0.2
O00189,C0081,P0069,2025-03-24,1,0.1
O00190,C0105,P0071,2025-09-02,2,0.1
O00191,C0076,P0005,2025-04-11,3,0.2
O00192,C0409,P0037,2026-03-30,2,0.05
O00193,C0372,P0065,2025-04-12,3,0.15
O00194,C0493,P0030,2025-07-08,1,0.0
O00195,C0293,P0071,2025-09-27,3,0.1
O00196,C0216,P0060,2026-05-28,3,0.05
O00197,C0267,P0025,2026-04-03,2,0.1
O00198,C0344,P0003,2025-10-21,1,0.0
O00199,C0322,P0052,2025-05-28,3,0.15
O00200,C0331,P0069,2026-02-12,3,0.1
O00201,C0094,P0009,2025-02-07,2,0.05
O00202,C0209,P0052,2026-02-28,1,0.2
O00203,C0428,P0080,2025-07-31,3,0.15
O00204,C0278,P0095,2025-04-23,1,0.2
O00205,C0441,P0069,2025-01-22,1,0.0
O00206,C0354,P0070,2025-03-11,2,0.2
O00207,C0171,P0047,2025-05-19,1,0.0
O00208,C0177,P0003,2025-08-12,1,0.0
O00209,C0447,P0099,2025-08-05,1,0.0
O00210,C0214,P0064,2025-10-02,4,0.0
O00211,C0455,P0025,2026-04-21,1,0.0
O00212,C0146,P0069,2025-05-30,1,0.0
O00213,C0273,P0015,2025-02-11,3,0.1
O00214,C0137,P0084,2026-04-02,4,0.05
O00215,C0285,P0085,2025-09-22,1,0.1
O00216,C0135,P0006,2025-06-05,4,0.1
O00217,C0299,P0064,2026-06-16,2,0.2
O00218,C0393,P0081,2025-11-19,4,0.2
O00219,C0377,P0054,2026-02-16,1,0.1
O00220,C0443,P0085,2025-04-18,2,0.0
O00221,C0385,P0051,2026-03-22,4,0.2
O00222,C0358,P0032,2025-11-22,1,0.05
O00223,C0353,P0056,2025-02-28,2,0.1
O00224,C0120,P0031,2026-06-29,3,0.0
O00225,C0312,P0074,2025-05-25,4,0.05
O00226,C0112,P0070,2025-06-28,1,0.0
O00227,C0391,P0043,2025-07-13,4,0.0
O00228,C0427,P0082,2025-07-22,3,0.0
O00229,C0377,P0061,2025-03-16,4,0.1
O00230,C0304,P0029,2026-05-26,3,0.2
O00231,C0301,P0087,2025-01-10,3,0.15
O00232,C0393,P0083,2025-11-15,1,0.05
O00233,C0190,P0085,2025-02-19,3,0.05
O00234,C0241,P0053,2026-04-16,4,0.0
O00235,C0278,P0051,2025-06-05,4,0.2
O00236,C0448,P0040,2025-09-19,4,0.2
O00237,C0250,P0066,2025-05-21,4,0.0
O00238,C0143,P0073,2026-05-01,4,0.1
O00239,C0423,P0040,2026-05-31,1,0.2
O00240,C0382,P0035,2026-04-10,3,0.0
O00241,C0313,P0086,2026-04-05,1,0.2
O00242,C0078,P0017,2025-12-02,3,0.15
O00243,C0032,P0074,2025-12-01,1,0.05
O00244,C0294,P0058,2026-06-06,2,0.0
O00245,C0005,P0100,2025-09-04,4,0.05
O00246,C0483,P0088,2026-02-11,2,0.05
O00247,C0245,P0024,2026-02-05,2,0.05
O00248,C0430,P0042,2026-02-11,2,0.05
O00249,C0475,P0078,2026-04-05,2,0.05
O00250,C0425,P0073,2025-01-13,3,0.0
O00251,C0264,P0033,2025-12-13,1,0.15
O00252,C0186,P0068,2025-12-11,3,0.0
O00253,C0084,P0054,2025-01-11,3,0.0
O00254,C0110,P0065,2025-06-03,1,0.2
O00255,C0214,P0029,2025-11-09,3,0.0
O00256,C0445,P0026,2026-05-18,2,0.15
O00257,C0275,P0004,2026-01-02,2,0.1
O00258,C0179,P0040,2025-05-10,2,0.2
O00259,C0206,P0039,2025-06-08,4,0.0
O00260,C0008,P0071,2026-06-06,4,0.0
O00261,C0236,P0082,2025-03-26,1,0.15
O00262,C0408,P0036,2025-05-12,1,0.15
O00263,C0130,P0026,2026-03-31,1,0.0
O00264,C0376,P0072,2025-04-06,4,0.05
O00265,C0225,P0041,2025-08-16,4,0.2
O00266,C0322,P0050,2026-01-25,1,0.1
O00267,C0105,P0034,2025-11-25,4,0.05
O00268,C0445,P0047,2026-04-03,4,0.05
O00269,C0060,P0077,2026-01-04,2,0.05
O00270,C0133,P0056,2025-11-17,3,0.1
O00271,C0133,P0027,2025-04-19,1,0.1
O00272,C0130,P0096,2026-05-25,4,0.2
O00273,C0137,P0068,2026-02-21,4,0.2
O00274,C0096,P0049,2026-01-01,1,0.05
O00275,C0431,P0032,2025-08-01,3,0.1
O00276,C0338,P0013,2026-03-25,2,0.05
O00277,C0231,P0077,2025-08-23,2,0.1
O00278,C0465,P0024,2026-05-27,2,0.2
O00279,C0243,P0049,2025-10-15,2,0.15
O00280,C0208,P0027,2025-02-07,1,0.0
O00281,C0433,P0013,2025-08-01,3,0.15
O00282,C0022,P0044,2026-04-06,3,0.05
O00283,C0065,P0073,2025-02-07,1,0.15
O00284,C0328,P0035,2025-12-22,1,0.1
O00285,C0437,P0024,2025-05-05,2,0.0
O00286,C0475,P0079,2026-01-20,1,0.15
O00287,C0036,P0036,2025-06-09,2,0.1
O00288,C0316,P0064,2025-11-24,3,0.15
O00289,C0370,P0019,2025-10-12,2,0.05
O00290,C0397,P0040,2026-05-28,4,0.1
O00291,C0311,P0040,2026-04-14,3,0.2
O00292,C0068,P0096,2025-02-04,4,0.0
O00293,C0490,P0068,2025-07-16,4,0.15
O00294,C0480,P0077,2025-07-30,2,0.2
O00295,C0287,P0071,2025-07-18,1,0.0
O00296,C0173,P0021,2025-03-16,3,0.1
O00297,C0444,P0056,2025-08-15,1,0.1
O00298,C0404,P0005,2025-04-23,4,0.2
O00299,C0092,P0055,2025-01-05,2,0.1
O00300,C0096,P0064,2025-12-03,2,0.1
O00301,C0175,P0100,2025-11-13,3,0.15
O00302,C0109,P0003,2025-03-28,2,0.1
O00303,C0221,P0054,2025-12-16,1,0.15
O00304,C0149,P0015,2026-01-13,1,0.15
O00305,C0063,P0029,2026-06-23,4,0.05
O00306,C0034,P0016,2025-01-04,1,0.0
O00307,C0083,P0010,2026-05-29,2,0.0
O00308,C0258,P0014,2025-05-13,1,0.0
O00309,C0081,P0086,2025-12-21,3,0.1
O00310,C0174,P0015,2025-04-24,2,0.0
O00311,C0127,P0039,2025-03-11,4,0.05
O00312,C0061,P0055,2025-02-28,1,0.05
O00313,C0201,P0065,2026-04-27,3,0.15
O00314,C0381,P0026,2025-06-20,1,0.05
O00315,C0104,P0030,2025-06-16,3,0.0
O00316,C0399,P0019,2025-02-17,4,0.15
O00317,C0191,P0083,2025-01-09,3,0.05
O00318,C0109,P0076,2025-03-22,4,0.15
O00319,C0450,P0067,2025-04-10,4,0.0
O00320,C0343,P0098,2025-09-03,3,0.05
O00321,C0043,P0015,2025-08-31,4,0.0
O00322,C0234,P0083,2025-02-16,3,0.15
O00323,C0074,P0089,2025-09-02,1,0.2
O00324,C0143,P0087,2026-04-12,4,0.1
O00325,C0258,P0015,2026-03-24,1,0.0
O00326,C0343,P0068,2025-12-14,1,0.1
O00327,C0252,P0021,2025-05-28,1,0.0
O00328,C0316,P0067,2025-07-18,2,0.0
O00329,C0361,P0096,2025-12-31,4,0.2
O00330,C0101,P0006,2025-05-06,4,0.1
O00331,C0425,P0055,2025-08-07,3,0.05
O00332,C0017,P0002,2026-01-19,2,0.05
O00333,C0409,P0081,2025-05-01,2,0.0
O00334,C0345,P0082,2025-03-03,1,0.15
O00335,C0099,P0078,2026-02-14,1,0.1
O00336,C0069,P0038,2025-05-19,3,0.2
O00337,C0028,P0017,2026-03-07,3,0.15
O00338,C0279,P0071,2025-01-01,3,0.05
O00339,C0356,P0039,2025-01-06,2,0.1
O00340,C0038,P0012,2025-05-24,3,0.05
O00341,C0149,P0051,2025-07-14,1,0.15
O00342,C0025,P0080,2025-02-15,1,0.2
O00343,C0105,P0007,2025-09-29,1,0.0
O00344,C0262,P0034,2025-06-20,3,0.15
O00345,C0047,P0062,2025-10-24,3,0.15
O00346,C0054,P0001,2025-06-08,3,0.0
O00347,C0077,P0073,2026-03-13,3,0.15
O00348,C0211,P0002,2025-10-05,2,0.2
O00349,C0371,P0011,2025-09-27,4,0.05
O00350,C0378,P0051,2025-07-20,2,0.15
O00351,C0094,P0031,2025-09-02,2,0.0
O00352,C0214,P0032,2025-02-12,1,0.0
O00353,C0318,P0002,2025-08-31,3,0.1
O00354,C0025,P0002,2026-03-14,4,0.05
O00355,C0272,P0078,2025-09-08,3,0.0
O00356,C0373,P0009,2025-11-06,3,0.05
O00357,C0420,P0033,2026-04-18,1,0.15
O00358,C0284,P0021,2026-06-22,1,0.2
O00359,C0130,P0044,2025-05-18,2,0.05
O00360,C0188,P0085,2026-03-02,4,0.05
O00361,C0221,P0031,2026-01-22,1,0.1
O00362,C0107,P0088,2026-02-10,1,0.15
O00363,C0453,P0099,2025-08-08,4,0.05
O00364,C0171,P0045,2026-05-18,3,0.1
O00365,C0468,P0045,2025-06-30,1,0.0
O00366,C0308,P0086,2026-05-21,3,0.15
O00367,C0047,P0067,2025-09-12,3,0.0
O00368,C0269,P0064,2025-11-29,3,0.15
O00369,C0111,P0037,2025-02-09,4,0.05
O00370,C0033,P0049,2025-08-27,3,0.05
O00371,C0110,P0034,2025-02-23,1,0.1
O00372,C0285,P0018,2025-07-17,2,0.2
O00373,C0217,P0083,2025-03-02,1,0.1
O00374,C0490,P0081,2026-01-03,3,0.05
O00375,C0192,P0084,2025-05-10,3,0.05
O00376,C0246,P0016,2025-05-03,4,0.1
O00377,C0021,P0081,2025-05-17,4,0.1
O00378,C0079,P0022,2025-12-28,3,0.1
O00379,C0360,P0035,2026-01-05,3,0.0
O00380,C0097,P0041,2025-06-17,2,0.05
O00381,C0347,P0071,2025-10-20,3,0.1
O00382,C0484,P0064,2025-04-28,1,0.0
O00383,C0345,P0015,2025-06-01,3,0.1
O00384,C0491,P0013,2025-09-13,3,0.1
O00385,C0469,P0020,2026-05-09,4,0.1
O00386,C0069,P0024,2025-12-18,1,0.2
O00387,C0360,P0084,2026-01-16,2,0.2
O00388,C0187,P0052,2026-01-02,3,0.1
O00389,C0237,P0072,2026-04-29,1,0.2
O00390,C0375,P0027,2026-04-27,4,0.2
O00391,C0155,P0030,2025-04-27,4,0.15
O00392,C0352,P0048,2025-04-20,3,0.0
O00393,C0208,P0008,2026-06-14,3,0.1
O00394,C0310,P0023,2026-03-06,4,0.2
O00395,C0032,P0039,2025-03-13,4,0.05
O00396,C0182,P0008,2025-04-28,2,0.2
O00397,C0316,P0047,2025-06-16,2,0.0
O00398,C0466,P0088,2025-05-24,4,0.15
O00399,C0359,P0031,2026-04-12,2,0.15
O00400,C0112,P0095,2025-01-11,2,0.15
O00401,C0163,P0069,2026-04-30,4,0.2
O00402,C0205,P0035,2025-01-15,1,0.0
O00403,C0495,P0060,2025-10-16,1,0.0
O00404,C0067,P0026,2026-03-25,2,0.1
O00405,C0224,P0051,2025-03-18,2,0.15
O00406,C0436,P0045,2025-09-13,1,0.0
O00407,C0052,P0016,2025-09-21,4,0.0
O00408,C0421,P0075,2025-11-04,2,0.0
O00409,C0290,P0003,2025-04-14,2,0.0
O00410,C0014,P0012,2025-11-23,1,0.2
O00411,C0005,P0010,2026-01-18,3,0.15
O00412,C0380,P0080,2025-04-20,2,0.1
O00413,C0450,P0088,2026-04-03,3,0.2
O00414,C0049,P0082,2026-01-15,1,0.2
O00415,C0418,P0052,2025-08-03,1,0.1
O00416,C0048,P0046,2025-03-28,1,0.0
O00417,C0109,P0099,2026-04-06,4,0.05
O00418,C0342,P0057,2025-04-07,2,0.15
O00419,C0180,P0088,2025-03-02,3,0.0
O00420,C0354,P0057,2026-01-28,3,0.1
O00421,C0023,P0087,2026-02-10,4,0.2
O00422,C0205,P0097,2025-12-23,3,0.05
O00423,C0409,P0081,2025-05-06,2,0.15
O00424,C0013,P0070,2025-01-25,2,0.0
O00425,C0091,P0058,2025-04-18,3,0.05
O00426,C0010,P0086,2026-02-11,2,0.1
O00427,C0338,P0099,2025-04-19,1,0.1
O00428,C0458,P0092,2025-12-25,3,0.2
O00429,C0498,P0060,2025-10-16,3,0.0
O00430,C0321,P0036,2025-11-18,3,0.0
O00431,C0361,P0017,2025-09-05,3,0.15
O00432,C0282,P0044,2025-07-17,3,0.05
O00433,C0475,P0066,2025-01-14,1,0.2
O00434,C0215,P0039,2026-03-22,3,0.05
O00435,C0242,P0013,2026-01-23,1,0.1
O00436,C0252,P0026,2025-06-01,4,0.1
O00437,C0154,P0074,2025-04-30,2,0.0
O00438,C0346,P0077,2025-08-10,3,0.15
O00439,C0158,P0085,2026-05-14,3,0.1
O00440,C0451,P0095,2026-02-26,2,0.0
O00441,C0374,P0016,2025-04-10,2,0.05
O00442,C0244,P0045,2025-02-05,4,0.2
O00443,C0009,P0007,2025-09-03,3,0.0
O00444,C0402,P0084,2025-02-28,2,0.05
O00445,C0448,P0050,2026-01-14,4,0.0
O00446,C0309,P0095,2026-01-05,1,0.15
O00447,C0251,P0059,2025-11-23,2,0.2
O00448,C0233,P0076,2026-01-15,3,0.1
O00449,C0289,P0040,2025-05-28,3,0.1
O00450,C0356,P0004,2026-04-06,2,0.1
O00451,C0021,P0007,2026-06-21,3,0.2
O00452,C0420,P0025,2026-03-05,1,0.2
O00453,C0045,P0084,2025-11-17,3,0.05
O00454,C0411,P0001,2026-03-25,2,0.0
O00455,C0143,P0075,2025-09-24,3,0.15
O00456,C0241,P0043,2025-03-03,3,0.0
O00457,C0095,P0012,2026-01-29,2,0.1
O00458,C0414,P0075,2025-08-15,4,0.2
O00459,C0205,P0079,2026-04-27,2,0.15
O00460,C0430,P0068,2026-05-08,3,0.1
O00461,C0252,P0008,2025-09-01,3,0.1
O00462,C0256,P0012,2026-05-02,3,0.2
O00463,C0489,P0073,2025-07-27,2,0.2
O00464,C0232,P0089,2025-07-19,2,0.05
O00465,C0187,P0084,2026-03-10,3,0.1
O00466,C0110,P0036,2026-01-24,4,0.05
O00467,C0364,P0003,2025-06-12,1,0.2
O00468,C0468,P0016,2025-07-23,1,0.2
O00469,C0251,P0079,2025-12-21,2,0.15
O00470,C0093,P0016,2025-10-21,4,0.15
O00471,C0202,P0002,2025-12-30,2,0.1
O00472,C0020,P0070,2025-07-22,1,0.2
O00473,C0018,P0044,2026-03-08,1,0.1
O00474,C0239,P0056,2025-08-21,2,0.0
O00475,C0460,P0081,2025-08-04,1,0.1
O00476,C0040,P0014,2026-06-04,1,0.05
O00477,C0265,P0092,2026-02-26,3,0.0
O00478,C0241,P0014,2026-05-28,3,0.2
O00479,C0080,P0079,2026-01-08,2,0.0
O00480,C0252,P0064,2025-09-01,4,0.15
O00481,C0433,P0077,2026-04-17,3,0.05
O00482,C0149,P0084,2026-05-03,1,0.2
O00483,C0087,P0075,2026-05-11,2,0.05
O00484,C0194,P0026,2026-05-04,2,0.0
O00485,C0222,P0051,2025-03-14,3,0.2
O00486,C0364,P0090,2026-02-18,3,0.2
O00487,C0214,P0087,2026-02-14,2,0.1
O00488,C0069,P0094,2025-12-05,4,0.05
O00489,C0200,P0049,2026-01-17,3,0.2
O00490,C0459,P0008,2025-11-30,1,0.15
O00491,C0229,P0063,2025-09-07,3,0.2
O00492,C0047,P0044,2025-03-27,3,0.15
O00493,C0049,P0084,2025-06-24,1,0.0
O00494,C0446,P0093,2026-05-06,1,0.1
O00495,C0248,P0093,2026-01-27,1,0.05
O00496,C0378,P0016,2025-10-06,4,0.05
O00497,C0406,P0073,2025-11-03,2,0.2
O00498,C0040,P0013,2025-10-06,2,0.15
O00499,C0451,P0095,2025-03-25,4,0.1
O00500,C0114,P0007,2026-01-03,4,0.2
O00501,C0280,P0002,2025-07-14,2,0.2
O00502,C0274,P0083,2025-04-28,1,0.15
O00503,C0481,P0075,2025-12-30,2,0.2
O00504,C0059,P0093,2025-11-12,2,0.2
O00505,C0015,P0082,2025-08-18,4,0.1
O00506,C0471,P0085,2025-11-17,1,0.1
O00507,C0334,P0048,2026-02-03,1,0.2
O00508,C0176,P0094,2026-04-25,2,0.2
O00509,C0131,P0047,2025-12-19,2,0.15
O00510,C0001,P0072,2025-04-08,2,0.05
O00511,C0243,P0056,2026-01-31,2,0.1
O00512,C0331,P0064,2025-06-01,2,0.0
O00513,C0319,P0030,2025-01-07,1,0.1
O00514,C0264,P0044,2025-09-09,3,0.05
O00515,C0166,P0030,2026-03-21,3,0.2
O00516,C0064,P0004,2025-02-08,3,0.0
O00517,C0021,P0045,2026-04-25,1,0.05
O00518,C0384,P0070,2025-12-25,1,0.15
O00519,C0143,P0024,2025-10-11,2,0.15
O00520,C0308,P0046,2026-05-02,3,0.1
O00521,C0242,P0042,2025-09-04,1,0.15
O00522,C0093,P0032,2026-03-16,1,0.1
O00523,C0369,P0008,2025-01-30,1,0.15
O00524,C0480,P0038,2025-08-29,3,0.1
O00525,C0396,P0023,2025-04-11,1,0.2
O00526,C0333,P0007,2026-04-28,2,0.0
O00527,C0168,P0006,2026-01-07,2,0.2
O00528,C0064,P0065,2026-03-20,1,0.1
O00529,C0236,P0033,2026-03-20,3,0.2
O00530,C0337,P0062,2025-03-16,1,0.2
O00531,C0022,P0005,2025-08-31,2,0.2
O00532,C0406,P0046,2025-03-25,2,0.05
O00533,C0363,P0006,2026-02-12,3,0.05
O00534,C0316,P0022,2026-05-31,3,0.2
O00535,C0327,P0072,2025-05-13,1,0.0
O00536,C0023,P0052,2025-12-19,3,0.05
O00537,C0177,P0073,2025-01-25,1,0.05
O00538,C0382,P0048,2025-11-07,4,0.15
O00539,C0395,P0100,2025-12-17,1,0.15
O00540,C0277,P0020,2025-09-05,4,0.05
O00541,C0214,P0039,2025-09-17,2,0.05
O00542,C0046,P0030,2026-02-25,1,0.1
O00543,C0356,P0010,2025-06-02,4,0.05
O00544,C0456,P0002,2025-06-10,2,0.0
O00545,C0434,P0068,2025-09-08,3,0.0
O00546,C0111,P0031,2026-03-22,2,0.2
O00547,C0157,P0006,2025-08-21,1,0.05
O00548,C0373,P0043,2025-10-16,1,0.15
O00549,C0344,P0018,2025-06-29,3,0.05
O00550,C0170,P0016,2025-02-18,2,0.05
O00551,C0377,P0053,2025-01-02,2,0.15
O00552,C0348,P0034,2025-11-25,1,0.2
O00553,C0397,P0037,2025-06-24,1,0.1
O00554,C0275,P0003,2025-04-24,1,0.05
O00555,C0136,P0060,2025-09-12,3,0.15
O00556,C0275,P0034,2026-01-18,2,0.15
O00557,C0161,P0096,2025-11-30,2,0.05
O00558,C0084,P0021,2026-03-02,4,0.0
O00559,C0434,P0002,2025-01-30,2,0.2
O00560,C0262,P0068,2025-01-02,4,0.1
O00561,C0202,P0028,2026-06-10,2,0.2
O00562,C0206,P0082,2025-06-22,2,0.2
O00563,C0340,P0077,2026-04-21,2,0.05
O00564,C0374,P0003,2025-01-17,1,0.2
O00565,C0431,P0075,2025-12-10,3,0.1
O00566,C0068,P0028,2025-01-19,4,0.15
O00567,C0495,P0068,2025-01-02,3,0.2
O00568,C0231,P0066,2026-04-14,3,0.0
O00569,C0185,P0035,2025-03-04,1,0.05
O00570,C0412,P0047,2026-04-14,2,0.05
O00571,C0190,P0083,2025-11-19,4,0.1
O00572,C0387,P0028,2025-02-15,1,0.05
O00573,C0024,P0056,2025-12-09,1,0.05
O00574,C0287,P0010,2025-03-07,4,0.1
O00575,C0250,P0090,2026-02-12,1,0.0
O00576,C0303,P0057,2025-12-18,4,0.1
O00577,C0341,P0002,2025-02-28,4,0.2
O00578,C0418,P0079,2025-04-10,2,0.15
O00579,C0361,P0073,2026-01-25,3,0.15
O00580,C0018,P0095,2025-09-25,2,0.2
O00581,C0194,P0046,2026-06-19,3,0.2
O00582,C0296,P0099,2026-03-22,4,0.1
O00583,C0270,P0064,2025-04-25,3,0.0
O00584,C0105,P0059,2025-08-16,2,0.0
O00585,C0187,P0040,2025-10-12,2,0.2
O00586,C0192,P0010,2026-03-13,4,0.2
O00587,C0311,P0010,2026-04-20,2,0.15
O00588,C0378,P0029,2026-03-26,4,0.2
O00589,C0072,P0035,2026-01-03,2,0.15
O00590,C0070,P0056,2026-02-20,3,0.05
O00591,C0052,P0044,2025-06-10,2,0.0
O00592,C0336,P0096,2026-02-05,2,0.15
O00593,C0022,P0038,2026-04-14,4,0.2
O00594,C0439,P0021,2025-12-06,4,0.05
O00595,C0408,P0079,2025-06-18,4,0.1
O00596,C0007,P0048,2025-09-12,3,0.0
O00597,C0330,P0058,2026-04-27,3,0.1
O00598,C0456,P0049,2026-04-07,1,0.1
O00599,C0256,P0048,2025-07-05,1,0.1
O00600,C0424,P0075,2025-05-06,2,0.2
O00601,C0286,P0038,2026-01-06,1,0.15
O00602,C0042,P0063,2025-04-14,2,0.0
O00603,C0220,P0048,2025-02-11,4,0.2
O00604,C0139,P0043,2026-05-06,1,0.1
O00605,C0312,P0044,2026-01-23,1,0.1
O00606,C0238,P0099,2025-08-04,1,0.05
O00607,C0381,P0060,2025-11-27,3,0.05
O00608,C0018,P0061,2025-06-22,2,0.2
O00609,C0123,P0091,2025-10-17,2,0.05
O00610,C0027,P0069,2026-01-08,4,0.0
O00611,C0463,P0071,2026-04-27,4,0.1
O00612,C0172,P0015,2025-09-14,2,0.1
O00613,C0225,P0070,2025-06-14,4,0.0
O00614,C0058,P0068,2025-07-12,2,0.05
O00615,C0440,P0011,2025-04-16,1,0.15
O00616,C0250,P0020,2026-05-31,1,0.1
O00617,C0458,P0028,2025-09-29,3,0.15
O00618,C0203,P0030,2025-04-07,3,0.2
O00619,C0268,P0093,2025-02-02,3,0.1
O00620,C0076,P0074,2025-01-27,2,0.15
O00621,C0009,P0042,2025-02-21,1,0.15
O00622,C0160,P0030,2025-09-16,3,0.15
O00623,C0468,P0079,2026-06-09,1,0.2
O00624,C0454,P0096,2025-08-14,2,0.1
O00625,C0098,P0061,2025-08-09,1,0.0
O00626,C0371,P0082,2025-06-04,3,0.0
O00627,C0372,P0008,2025-09-29,1,0.0
O00628,C0234,P0074,2026-04-13,1,0.15
O00629,C0120,P0084,2026-02-22,1,0.2
O00630,C0425,P0032,2026-06-26,4,0.1
O00631,C0462,P0008,2025-03-28,3,0.2
O00632,C0211,P0081,2026-05-23,4,0.0
O00633,C0443,P0016,2025-07-09,4,0.15
O00634,C0150,P0016,2025-04-20,3,0.05
O00635,C0366,P0065,2026-02-24,1,0.2
O00636,C0080,P0011,2026-04-12,1,0.15
O00637,C0113,P0059,2025-07-18,3,0.15
O00638,C0495,P0024,2025-10-19,1,0.2
O00639,C0176,P0060,2025-02-24,1,0.1
O00640,C0464,P0046,2026-05-20,2,0.05
O00641,C0296,P0060,2025-05-13,4,0.05
O00642,C0445,P0025,2025-03-24,3,0.2
O00643,C0166,P0092,2026-03-14,4,0.2
O00644,C0406,P0029,2025-07-29,4,0.05
O00645,C0044,P0017,2026-03-06,2,0.0
O00646,C0476,P0050,2026-02-16,1,0.15
O00647,C0128,P0024,2025-10-06,3,0.05
O00648,C0127,P0031,2025-10-18,3,0.2
O00649,C0341,P0003,2025-04-16,3,0.0
O00650,C0488,P0034,2026-04-05,2,0.0
O00651,C0091,P0076,2026-02-16,3,0.15
O00652,C0025,P0100,2026-02-06,2,0.1
O00653,C0164,P0080,2025-11-26,2,0.05
O00654,C0035,P0059,2025-10-24,3,0.05
O00655,C0253,P0053,2025-01-26,1,0.1
O00656,C0357,P0019,2025-07-14,3,0.1
O00657,C0267,P0022,2026-04-12,2,0.2
O00658,C0182,P0055,2025-07-27,3,0.0
O00659,C0241,P0085,2026-01-17,3,0.05
O00660,C0021,P0006,2026-03-28,1,0.1
O00661,C0425,P0081,2025-07-26,3,0.0
O00662,C0449,P0043,2026-03-21,2,0.05
O00663,C0432,P0029,2025-01-04,2,0.1
O00664,C0236,P0098,2026-05-26,3,0.2
O00665,C0214,P0076,2025-05-08,2,0.1
O00666,C0139,P0058,2025-12-02,2,0.05
O00667,C0165,P0028,2025-12-10,4,0.0
O00668,C0056,P0005,2025-10-26,2,0.0
O00669,C0276,P0002,2025-05-13,4,0.2
O00670,C0409,P0084,2026-04-22,2,0.2
O00671,C0111,P0025,2025-02-04,4,0.05
O00672,C0177,P0026,2025-03-08,3,0.2
O00673,C0332,P0087,2025-10-10,3,0.2
O00674,C0265,P0050,2025-03-04,4,0.15
O00675,C0302,P0098,2026-01-03,3,0.0
O00676,C0092,P0027,2025-11-10,1,0.1
O00677,C0495,P0037,2025-03-30,2,0.1
O00678,C0446,P0034,2025-03-19,1,0.2
O00679,C0494,P0006,2025-02-23,3,0.0
O00680,C0143,P0092,2026-05-23,1,0.15
O00681,C0320,P0038,2025-02-17,2,0.15
O00682,C0460,P0097,2026-01-18,1,0.05
O00683,C0390,P0025,2025-11-17,4,0.15
O00684,C0410,P0020,2025-01-20,1,0.05
O00685,C0195,P0025,2025-08-16,2,0.1
O00686,C0002,P0088,2026-03-05,2,0.0
O00687,C0226,P0081,2025-08-16,2,0.1
O00688,C0207,P0005,2025-04-06,1,0.15
O00689,C0463,P0021,2025-10-24,2,0.15
O00690,C0170,P0092,2025-11-03,3,0.2
O00691,C0308,P0068,2025-09-03,3,0.05
O00692,C0158,P0024,2025-01-10,4,0.2
O00693,C0106,P0084,2025-02-27,2,0.05
O00694,C0057,P0066,2025-04-24,2,0.1
O00695,C0127,P0094,2025-08-01,2,0.15
O00696,C0116,P0096,2026-06-18,3,0.05
O00697,C0075,P0051,2025-09-11,3,0.0
O00698,C0252,P0070,2025-04-21,2,0.15
O00699,C0189,P0096,2026-06-16,2,0.15
O00700,C0371,P0100,2025-06-25,4,0.2
O00701,C0305,P0029,2025-04-09,2,0.05
O00702,C0355,P0067,2025-11-08,3,0.2
O00703,C0112,P0075,2025-12-26,2,0.05
O00704,C0318,P0002,2025-04-14,4,0.15
O00705,C0440,P0030,2025-04-04,1,0.1
O00706,C0144,P0069,2026-05-08,4,0.1
O00707,C0339,P0063,2025-06-30,4,0.0
O00708,C0190,P0014,2026-05-21,2,0.2
O00709,C0382,P0080,2025-01-05,2,0.1
O00710,C0116,P0093,2025-10-11,1,0.05
O00711,C0073,P0092,2025-01-16,4,0.1
O00712,C0020,P0051,2025-08-30,3,0.1
O00713,C0168,P0034,2026-01-03,4,0.15
O00714,C0487,P0036,2026-01-23,2,0.1
O00715,C0161,P0015,2025-12-19,2,0.1
O00716,C0340,P0067,2026-03-29,3,0.15
O00717,C0246,P0044,2025-05-05,1,0.15
O00718,C0477,P0033,2025-08-05,4,0.2
O00719,C0397,P0082,2025-12-08,2,0.1
O00720,C0109,P0005,2025-07-25,2,0.05
O00721,C0052,P0008,2025-04-22,1,0.05
O00722,C0453,P0027,2025-11-19,4,0.1
O00723,C0148,P0035,2025-09-28,4,0.15
O00724,C0052,P0045,2026-04-07,3,0.2
O00725,C0481,P0006,2025-02-06,3,0.05
O00726,C0160,P0041,2025-08-15,3,0.05
O00727,C0372,P0063,2026-06-21,2,0.2
O00728,C0210,P0027,2025-10-11,3,0.2
O00729,C0155,P0059,2026-05-09,2,0.0
O00730,C0258,P0052,2025-07-02,3,0.1
O00731,C0499,P0003,2025-07-22,1,0.05
O00732,C0015,P0092,2026-01-22,4,0.1
O00733,C0202,P0048,2025-11-16,2,0.05
O00734,C0366,P0011,2025-11-23,3,0.0
O00735,C0350,P0005,2025-01-26,2,0.0
O00736,C0027,P0050,2025-12-04,3,0.2
O00737,C0406,P0016,2025-05-13,2,0.0
O00738,C0402,P0051,2025-10-21,2,0.0
O00739,C0312,P0005,2026-04-25,4,0.0
O00740,C0169,P0089,2025-01-10,4,0.2
O00741,C0137,P0096,2026-01-04,2,0.2
O00742,C0017,P0036,2026-01-02,4,0.15
O00743,C0074,P0056,2026-05-18,3,0.15
O00744,C0210,P0054,2025-03-21,1,0.0
O00745,C0123,P0100,2026-02-08,4,0.05
O00746,C0200,P0068,2026-06-11,1,0.05
O00747,C0459,P0058,2025-04-02,1,0.2
O00748,C0343,P0094,2025-12-18,4,0.15
O00749,C0462,P0097,2025-01-15,1,0.1
O00750,C0290,P0024,2026-05-21,2,0.1
O00751,C0210,P0087,2025-06-10,1,0.0
O00752,C0112,P0053,2025-03-13,4,0.0
O00753,C0459,P0077,2025-10-13,4,0.1
O00754,C0324,P0033,2026-03-29,1,0.05
O00755,C0160,P0080,2025-05-28,1,0.0
O00756,C0145,P0067,2026-04-24,1,0.15
O00757,C0427,P0062,2025-04-17,4,0.1
O00758,C0308,P0008,2025-12-16,4,0.15
O00759,C0249,P0022,2026-01-11,2,0.1
O00760,C0324,P0053,2025-01-05,1,0.0
O00761,C0406,P0009,2025-01-27,1,0.15
O00762,C0139,P0030,2025-04-14,3,0.2
O00763,C0116,P0085,2026-05-30,2,0.2
O00764,C0046,P0084,2025-03-10,4,0.1
O00765,C0003,P0013,2026-05-04,1,0.0
O00766,C0281,P0041,2026-01-12,1,0.15
O00767,C0312,P0048,2025-02-18,4,0.0
O00768,C0212,P0022,2026-02-13,4,0.15
O00769,C0288,P0059,2025-04-03,2,0.2
O00770,C0110,P0031,2025-04-26,2,0.05
O00771,C0297,P0043,2026-04-14,3,0.2
O00772,C0472,P0016,2026-02-28,1,0.1
O00773,C0003,P0048,2025-08-22,1,0.05
O00774,C0135,P0030,2025-01-21,1,0.05
O00775,C0238,P0065,2025-01-07,1,0.0
O00776,C0477,P0044,2026-04-08,4,0.1
O00777,C0065,P0070,2026-06-23,3,0.0
O00778,C0398,P0060,2025-01-25,3,0.0
O00779,C0055,P0008,2025-03-16,1,0.15
O00780,C0125,P0011,2025-07-05,2,0.15
O00781,C0291,P0008,2025-08-26,1,0.1
O00782,C0109,P0025,2026-03-05,1,0.1
O00783,C0154,P0076,2025-09-30,4,0.0
O00784,C0466,P0024,2025-08-02,4,0.1
O00785,C0172,P0011,2026-01-14,1,0.15
O00786,C0108,P0065,2025-09-08,3,0.15
O00787,C0308,P0025,2025-07-03,2,0.1
O00788,C0395,P0055,2026-06-18,3,0.0
O00789,C0304,P0025,2025-02-05,1,0.05
O00790,C0440,P0065,2025-07-11,4,0.2
O00791,C0109,P0091,2025-12-26,1,0.1
O00792,C0393,P0032,2025-08-20,4,0.0
O00793,C0023,P0037,2025-02-22,1,0.05
O00794,C0317,P0013,2026-05-02,4,0.05
O00795,C0279,P0025,2026-02-11,1,0.15
O00796,C0301,P0018,2025-09-26,1,0.1
O00797,C0298,P0059,2025-12-08,3,0.1
O00798,C0129,P0093,2025-10-03,4,0.05
O00799,C0104,P0091,2025-10-31,3,0.15
O00800,C0134,P0083,2025-01-29,3,0.1
O00801,C0275,P0014,2026-02-21,2,0.05
O00802,C0112,P0011,2025-08-16,4,0.05
O00803,C0431,P0065,2025-07-18,4,0.15
O00804,C0451,P0046,2025-06-06,2,0.1
O00805,C0019,P0051,2025-09-23,3,0.0
O00806,C0409,P0088,2025-05-22,2,0.0
O00807,C0141,P0096,2025-01-11,2,0.05
O00808,C0332,P0051,2025-02-27,4,0.05
O00809,C0046,P0050,2025-07-21,4,0.2
O00810,C0216,P0063,2025-05-20,3,0.15
O00811,C0232,P0056,2025-11-03,4,0.05
O00812,C0370,P0081,2026-01-26,4,0.0
O00813,C0431,P0049,2025-05-09,2,0.0
O00814,C0468,P0070,2026-01-29,1,0.2
O00815,C0489,P0012,2026-06-18,3,0.15
O00816,C0163,P0023,2025-06-22,1,0.1
O00817,C0428,P0071,2025-02-12,4,0.05
O00818,C0194,P0054,2026-03-27,2,0.1
O00819,C0077,P0025,2025-04-08,2,0.2
O00820,C0282,P0073,2026-02-17,1,0.15
O00821,C0465,P0040,2025-03-12,3,0.0
O00822,C0066,P0043,2025-09-14,4,0.1
O00823,C0488,P0008,2025-06-29,4,0.15
O00824,C0411,P0061,2025-05-02,2,0.0
O00825,C0056,P0040,2026-02-13,1,0.1
O00826,C0456,P0052,2026-05-02,4,0.15
O00827,C0371,P0026,2025-10-10,2,0.0
O00828,C0345,P0009,2026-03-08,3,0.0
O00829,C0369,P0068,2025-09-29,3,0.05
O00830,C0166,P0090,2025-05-08,1,0.05
O00831,C0158,P0047,2026-05-12,2,0.05
O00832,C0401,P0059,2026-01-24,4,0.1
O00833,C0149,P0093,2025-09-09,3,0.1
O00834,C0105,P0045,2025-08-16,1,0.2
O00835,C0499,P0083,2026-04-30,2,0.15
O00836,C0210,P0035,2025-01-15,4,0.0
O00837,C0085,P0027,2026-02-23,2,0.0
O00838,C0123,P0061,2025-06-29,3,0.0
O00839,C0229,P0078,2025-09-21,4,0.15
O00840,C0250,P0069,2026-03-29,3,0.1
O00841,C0167,P0066,2025-10-12,3,0.0
O00842,C0422,P0026,2025-02-11,2,0.2
O00843,C0308,P0033,2025-12-24,1,0.05
O00844,C0130,P0046,2025-05-16,2,0.15
O00845,C0500,P0031,2025-06-10,4,0.05
O00846,C0439,P0039,2025-01-23,2,0.15
O00847,C0066,P0067,2025-03-20,3,0.15
O00848,C0424,P0052,2026-05-22,3,0.2
O00849,C0413,P0065,2025-02-14,4,0.05
O00850,C0177,P0093,2026-05-22,4,0.2
O00851,C0400,P0051,2025-01-27,2,0.15
O00852,C0049,P0013,2025-10-29,4,0.2
O00853,C0435,P0074,2026-05-16,3,0.05
O00854,C0350,P0028,2025-12-26,1,0.0
O00855,C0364,P0069,2025-02-12,1,0.0
O00856,C0349,P0050,2025-09-20,3,0.2
O00857,C0137,P0096,2025-01-22,4,0.05
O00858,C0464,P0011,2026-03-18,1,0.0
O00859,C0046,P0037,2025-05-13,1,0.15
O00860,C0205,P0077,2026-06-28,2,0.2
O00861,C0163,P0034,2025-08-08,4,0.2
O00862,C0466,P0096,2026-06-13,2,0.2
O00863,C0272,P0037,2025-06-10,2,0.15
O00864,C0355,P0040,2025-10-26,4,0.05
O00865,C0269,P0076,2025-12-27,4,0.15
O00866,C0131,P0047,2025-11-13,3,0.1
O00867,C0349,P0074,2026-02-21,1,0.0
O00868,C0414,P0011,2025-10-05,4,0.15
O00869,C0348,P0094,2025-11-20,4,0.05
O00870,C0105,P0008,2025-03-08,3,0.05
O00871,C0138,P0087,2025-02-23,3,0.1
O00872,C0288,P0061,2026-03-18,3,0.1
O00873,C0150,P0088,2025-12-29,4,0.05
O00874,C0475,P0045,2025-12-05,2,0.0
O00875,C0395,P0073,2026-01-08,2,0.05
O00876,C0108,P0074,2025-07-08,3,0.05
O00877,C0389,P0055,2025-01-25,2,0.05
O00878,C0211,P0057,2025-08-09,3,0.05
O00879,C0333,P0072,2026-01-26,4,0.2
O00880,C0371,P0060,2026-05-16,2,0.15
O00881,C0343,P0009,2025-09-23,1,0.1
O00882,C0453,P0038,2025-04-24,4,0.05
O00883,C0353,P0060,2025-06-02,2,0.0
O00884,C0175,P0090,2025-06-03,3,0.2
O00885,C0273,P0059,2025-08-20,1,0.0
O00886,C0015,P0026,2025-03-23,3,0.15
O00887,C0434,P0012,2025-10-21,4,0.1
O00888,C0390,P0019,2026-06-16,4,0.1
O00889,C0020,P0024,2025-02-12,4,0.05
O00890,C0249,P0064,2025-09-10,1,0.05
O00891,C0117,P0015,2026-05-29,3,0.2
O00892,C0175,P0020,2025-09-13,3,0.0
O00893,C0262,P0019,2025-10-04,1,0.05
O00894,C0019,P0064,2026-04-20,3,0.0
O00895,C0138,P0068,2025-10-05,1,0.2
O00896,C0460,P0024,2025-07-24,3,0.2
O00897,C0345,P0081,2026-04-13,4,0.0
O00898,C0159,P0001,2025-04-23,4,0.1
O00899,C0107,P0069,2025-12-29,4,0.05
O00900,C0258,P0049,2025-01-05,3,0.05
O00901,C0378,P0049,2026-04-13,2,0.1
O00902,C0287,P0068,2025-02-01,2,0.0
O00903,C0044,P0084,2025-04-03,2,0.15
O00904,C0128,P0094,2026-02-06,2,0.2
O00905,C0473,P0049,2025-04-20,4,0.05
O00906,C0496,P0024,2025-06-05,3,0.05
O00907,C0134,P0031,2025-05-20,1,0.15
O00908,C0485,P0001,2026-06-22,4,0.15
O00909,C0150,P0100,2026-06-27,1,0.1
O00910,C0321,P0043,2025-08-17,2,0.1
O00911,C0338,P0033,2026-04-28,1,0.15
O00912,C0043,P0058,2025-10-05,3,0.0
O00913,C0446,P0053,2025-11-17,4,0.2
O00914,C0044,P0079,2025-12-16,3,0.1
O00915,C0479,P0048,2025-08-10,2,0.0
O00916,C0140,P0052,2025-09-01,2,0.05
O00917,C0181,P0040,2025-11-29,2,0.1
O00918,C0427,P0080,2026-05-03,3,0.15
O00919,C0307,P0087,2026-03-12,3,0.2
O00920,C0486,P0080,2025-08-28,3,0.15
O00921,C0277,P0032,2025-10-05,3,0.0
O00922,C0076,P0032,2025-06-11,1,0.0
O00923,C0307,P0004,2026-03-23,4,0.0
O00924,C0012,P0089,2025-10-03,1,0.0
O00925,C0379,P0098,2026-01-27,4,0.1
O00926,C0370,P0041,2025-07-02,1,0.2
O00927,C0447,P0057,2026-06-03,3,0.15
O00928,C0304,P0062,2025-03-17,1,0.15
O00929,C0262,P0042,2026-02-17,1,0.15
O00930,C0378,P0096,2025-09-19,1,0.05
O00931,C0431,P0017,2026-01-12,1,0.15
O00932,C0138,P0035,2025-05-04,4,0.15
O00933,C0068,P0047,2025-08-19,4,0.0
O00934,C0305,P0032,2025-01-31,1,0.0
O00935,C0249,P0043,2025-09-23,1,0.2
O00936,C0290,P0006,2026-04-15,1,0.05
O00937,C0273,P0098,2026-03-21,3,0.0
O00938,C0247,P0035,2026-06-03,1,0.05
O00939,C0027,P0086,2026-03-22,3,0.15
O00940,C0118,P0098,2026-03-27,3,0.0
O00941,C0272,P0011,2025-07-03,1,0.05
O00942,C0245,P0051,2026-06-12,2,0.0
O00943,C0212,P0074,2025-10-11,1,0.2
O00944,C0060,P0087,2025-07-13,1,0.05
O00945,C0355,P0031,2025-09-19,2,0.2
O00946,C0079,P0096,2025-06-13,2,0.15
O00947,C0090,P0015,2025-02-27,3,0.1
O00948,C0136,P0030,2025-12-21,1,0.0
O00949,C0154,P0002,2025-04-28,1,0.2
O00950,C0007,P0098,2026-01-05,1,0.15
O00951,C0089,P0027,2025-03-04,3,0.1
O00952,C0034,P0017,2025-12-03,3,0.2
O00953,C0112,P0039,2025-06-25,3,0.1
O00954,C0451,P0071,2025-09-13,1,0.2
O00955,C0204,P0081,2025-12-09,4,0.0
O00956,C0335,P0040,2025-07-05,2,0.2
O00957,C0326,P0020,2026-04-04,2,0.15
O00958,C0251,P0098,2026-04-24,2,0.1
O00959,C0123,P0080,2025-03-09,4,0.0
O00960,C0478,P0063,2025-03-20,1,0.1
O00961,C0376,P0083,2026-02-04,1,0.1
O00962,C0281,P0041,2025-09-04,3,0.15
O00963,C0276,P0095,2026-04-03,3,0.05
O00964,C0215,P0058,2025-11-25,3,0.1
O00965,C0129,P0067,2025-10-13,1,0.1
O00966,C0037,P0091,2025-08-05,2,0.15
O00967,C0496,P0083,2025-06-08,1,0.2
O00968,C0494,P0001,2025-02-19,4,0.1
O00969,C0332,P0067,2025-12-12,4,0.05
O00970,C0285,P0070,2025-02-01,2,0.2
O00971,C0265,P0013,2025-12-04,2,0.2
O00972,C0489,P0051,2025-03-17,2,0.0
O00973,C0239,P0098,2025-04-30,4,0.15
O00974,C0276,P0084,2025-12-06,2,0.05
O00975,C0208,P0044,2025-07-08,4,0.0
O00976,C0406,P0018,2025-11-16,3,0.1
O00977,C0078,P0061,2025-02-17,3,0.0
O00978,C0272,P0064,2025-06-28,4,0.15
O00979,C0340,P0080,2026-01-15,2,0.1
O00980,C0479,P0061,2025-02-27,1,0.1
O00981,C0113,P0045,2025-12-16,4,0.1
O00982,C0140,P0042,2025-05-19,3,0.1
O00983,C0088,P0067,2025-04-14,4,0.2
O00984,C0454,P0022,2026-06-04,2,0.15
O00985,C0441,P0060,2026-04-04,1,0.1
O00986,C0254,P0053,2026-01-01,4,0.0
O00987,C0337,P0081,2025-06-10,1,0.05
O00988,C0013,P0061,2025-03-20,3,0.0
O00989,C0220,P0097,2025-04-06,1,0.15
O00990,C0492,P0048,2025-02-06,1,0.15
O00991,C0055,P0075,2026-02-02,1,0.2
O00992,C0261,P0047,2025-07-22,1,0.2
O00993,C0053,P0052,2025-03-18,4,0.2
O00994,C0114,P0082,2025-09-16,1,0.0
O00995,C0291,P0028,2025-11-22,1,0.0
O00996,C0082,P0075,2025-11-11,3,0.0
O00997,C0296,P0008,2025-04-23,2,0.2
O00998,C0099,P0082,2026-05-08,4,0.05
O00999,C0115,P0067,2025-05-20,3,0.05
O01000,C0338,P0058,2025-06-24,2,0.05
O01001,C0114,P0060,2026-01-13,3,0.05
O01002,C0246,P0082,2025-05-06,3,0.05
O01003,C0436,P0088,2025-11-02,2,0.0
O01004,C0039,P0022,2025-10-04,3,0.15
O01005,C0241,P0089,2025-02-25,1,0.15
O01006,C0320,P0099,2025-06-17,4,0.1
O01007,C0379,P0094,2025-05-14,4,0.05
O01008,C0338,P0070,2025-08-30,1,0.2
O01009,C0033,P0093,2025-07-05,3,0.05
O01010,C0263,P0061,2026-02-27,4,0.05
O01011,C0077,P0093,2025-05-22,3,0.15
O01012,C0162,P0027,2025-11-02,1,0.05
O01013,C0473,P0065,2026-05-08,4,0.2
O01014,C0443,P0039,2025-09-04,3,0.1
O01015,C0353,P0006,2025-10-08,1,0.2
O01016,C0412,P0093,2026-03-03,2,0.0
O01017,C0361,P0053,2025-02-26,1,0.15
O01018,C0428,P0077,2025-05-01,3,0.2
O01019,C0485,P0042,2025-11-26,3,0.15
O01020,C0030,P0066,2025-01-09,3,0.05
O01021,C0279,P0077,2026-04-13,4,0.0
O01022,C0036,P0033,2025-04-23,2,0.15
O01023,C0325,P0024,2025-05-17,1,0.2
O01024,C0256,P0033,2025-03-27,3,0.05
O01025,C0022,P0066,2025-04-04,2,0.05
O01026,C0365,P0037,2025-06-25,3,0.15
O01027,C0426,P0089,2025-01-04,4,0.1
O01028,C0103,P0022,2025-12-04,4,0.0
O01029,C0187,P0054,2025-10-11,4,0.1
O01030,C0333,P0065,2025-08-02,2,0.05
O01031,C0164,P0098,2025-04-16,4,0.2
O01032,C0149,P0002,2025-01-26,2,0.15
O01033,C0491,P0041,2025-06-28,4,0.05
O01034,C0109,P0018,2026-04-13,3,0.0
O01035,C0020,P0009,2025-01-14,1,0.2
O01036,C0067,P0001,2025-10-11,4,0.0
O01037,C0289,P0067,2025-07-11,1,0.15
O01038,C0170,P0096,2026-01-29,1,0.0
O01039,C0318,P0016,2025-02-22,2,0.15
O01040,C0252,P0035,2026-03-05,4,0.0
O01041,C0175,P0039,2026-01-06,3,0.05
O01042,C0074,P0003,2025-04-12,4,0.1
O01043,C0311,P0067,2026-01-11,4,0.0
O01044,C0314,P0020,2025-08-13,2,0.05
O01045,C0244,P0059,2025-05-17,2,0.05
O01046,C0392,P0069,2025-04-23,4,0.15
O01047,C0459,P0053,2026-03-02,3,0.05
O01048,C0219,P0034,2025-09-12,3,0.1
O01049,C0182,P0034,2026-03-23,3,0.1
O01050,C0035,P0032,2025-09-22,4,0.15
O01051,C0202,P0010,2026-04-13,4,0.2
O01052,C0068,P0070,2026-05-14,4,0.1
O01053,C0147,P0023,2026-03-15,4,0.15
O01054,C0094,P0045,2025-05-26,2,0.2
O01055,C0103,P0042,2025-03-31,1,0.05
O01056,C0253,P0022,2025-07-13,3,0.15
O01057,C0354,P0089,2025-09-29,4,0.05
O01058,C0181,P0066,2025-09-23,3,0.1
O01059,C0072,P0086,2026-04-29,2,0.0
O01060,C0101,P0080,2026-05-12,2,0.2
O01061,C0269,P0053,2025-04-16,1,0.1
O01062,C0358,P0029,2026-03-25,2,0.2
O01063,C0385,P0063,2026-05-10,2,0.15
O01064,C0239,P0072,2026-02-15,1,0.1
O01065,C0329,P0064,2025-04-08,4,0.05
O01066,C0272,P0086,2025-02-22,1,0.2
O01067,C0338,P0023,2026-01-28,2,0.0
O01068,C0304,P0068,2025-10-05,3,0.15
O01069,C0465,P0060,2025-07-30,3,0.1
O01070,C0377,P0013,2025-04-26,4,0.05
O01071,C0449,P0039,2025-09-11,1,0.1
O01072,C0135,P0068,2025-07-10,3,0.1
O01073,C0314,P0064,2026-05-06,4,0.05
O01074,C0068,P0099,2025-11-14,2,0.0
O01075,C0309,P0076,2026-02-12,2,0.05
O01076,C0123,P0003,2026-05-04,3,0.2
O01077,C0030,P0053,2025-12-21,3,0.15
O01078,C0446,P0049,2026-05-08,2,0.2
O01079,C0185,P0074,2026-03-23,2,0.0
O01080,C0154,P0011,2025-08-08,1,0.05
O01081,C0111,P0035,2025-05-20,1,0.1
O01082,C0004,P0076,2025-10-23,1,0.2
O01083,C0220,P0076,2025-08-04,4,0.1
O01084,C0437,P0027,2025-12-17,3,0.1
O01085,C0111,P0036,2025-06-21,3,0.1
O01086,C0384,P0004,2025-09-26,2,0.15
O01087,C0035,P0028,2025-01-03,1,0.0
O01088,C0124,P0021,2025-04-11,3,0.2
O01089,C0213,P0039,2025-09-02,3,0.2
O01090,C0444,P0006,2025-01-17,2,0.15
O01091,C0425,P0023,2025-05-11,3,0.15
O01092,C0412,P0049,2025-08-19,3,0.2
O01093,C0493,P0010,2025-11-14,1,0.0
O01094,C0088,P0049,2025-03-04,1,0.1
O01095,C0102,P0010,2026-03-25,2,0.1
O01096,C0237,P0022,2025-07-28,4,0.1
O01097,C0009,P0029,2025-02-26,3,0.15
O01098,C0270,P0008,2025-01-30,3,0.1
O01099,C0052,P0070,2026-06-27,3,0.2
O01100,C0475,P0008,2025-09-01,2,0.1
O01101,C0039,P0034,2026-06-25,4,0.0
O01102,C0417,P0073,2026-02-27,3,0.0
O01103,C0272,P0074,2026-05-23,2,0.05
O01104,C0016,P0048,2026-02-23,2,0.05
O01105,C0421,P0060,2026-02-03,2,0.1
O01106,C0424,P0063,2026-01-12,1,0.15
O01107,C0097,P0094,2025-05-31,1,0.0
O01108,C0013,P0008,2025-05-02,4,0.1
O01109,C0461,P0067,2026-01-31,2,0.1
O01110,C0415,P0058,2025-07-18,4,0.15
O01111,C0103,P0019,2025-02-03,4,0.1
O01112,C0111,P0020,2025-02-13,3,0.2
O01113,C0186,P0041,2025-04-03,3,0.05
O01114,C0038,P0022,2026-05-12,4,0.1
O01115,C0499,P0068,2026-05-12,2,0.2
O01116,C0063,P0028,2025-10-09,3,0.15
O01117,C0274,P0010,2025-08-13,4,0.05
O01118,C0099,P0065,2026-02-18,4,0.2
O01119,C0320,P0050,2025-09-09,4,0.05
O01120,C0263,P0001,2025-09-26,3,0.05
O01121,C0065,P0024,2025-03-09,1,0.1
O01122,C0252,P0023,2026-02-21,2,0.15
O01123,C0435,P0011,2025-03-15,3,0.2
O01124,C0148,P0006,2025-12-31,2,0.0
O01125,C0261,P0038,2026-06-15,3,0.2
O01126,C0478,P0049,2025-01-26,1,0.0
O01127,C0098,P0078,2025-02-13,4,0.2
O01128,C0210,P0084,2026-05-24,1,0.0
O01129,C0268,P0084,2025-12-20,1,0.15
O01130,C0266,P0077,2025-02-05,2,0.0
O01131,C0263,P0069,2025-06-12,3,0.05
O01132,C0065,P0027,2026-05-05,4,0.15
O01133,C0304,P0100,2025-02-01,4,0.2
O01134,C0203,P0007,2025-03-22,3,0.1
O01135,C0144,P0036,2025-01-29,3,0.0
O01136,C0486,P0044,2026-06-04,4,0.15
O01137,C0031,P0042,2025-05-10,4,0.0
O01138,C0413,P0025,2025-04-10,2,0.0
O01139,C0445,P0014,2026-04-18,3,0.2
O01140,C0410,P0029,2026-05-20,3,0.0
O01141,C0220,P0039,2025-02-22,4,0.2
O01142,C0113,P0094,2025-05-25,4,0.05
O01143,C0350,P0020,2025-09-27,4,0.15
O01144,C0093,P0075,2025-06-13,2,0.15
O01145,C0210,P0064,2026-06-30,1,0.15
O01146,C0366,P0084,2025-05-14,2,0.0
O01147,C0386,P0021,2025-09-15,4,0.15
O01148,C0331,P0063,2025-01-21,1,0.15
O01149,C0139,P0039,2025-11-29,1,0.0
O01150,C0430,P0087,2026-01-27,4,0.2
O01151,C0494,P0051,2025-05-15,1,0.15
O01152,C0050,P0060,2025-06-20,3,0.2
O01153,C0265,P0100,2025-09-06,4,0.2
O01154,C0331,P0044,2025-07-25,2,0.15
O01155,C0248,P0017,2025-02-20,1,0.05
O01156,C0497,P0034,2026-06-05,2,0.0
O01157,C0112,P0088,2025-10-31,4,0.05
O01158,C0076,P0078,2025-08-05,3,0.2
O01159,C0277,P0043,2025-08-11,1,0.0
O01160,C0412,P0044,2025-01-10,2,0.1
O01161,C0165,P0031,2025-11-07,3,0.0
O01162,C0245,P0055,2026-04-15,2,0.0
O01163,C0183,P0015,2025-08-08,3,0.0
O01164,C0313,P0020,2025-03-08,1,0.0
O01165,C0051,P0047,2026-04-23,1,0.1
O01166,C0162,P0050,2026-05-18,3,0.1
O01167,C0285,P0054,2026-04-05,1,0.1
O01168,C0151,P0048,2026-03-18,1,0.15
O01169,C0267,P0076,2026-02-04,2,0.1
O01170,C0188,P0091,2026-04-29,1,0.05
O01171,C0377,P0046,2026-01-27,4,0.15
O01172,C0143,P0094,2025-11-15,2,0.2
O01173,C0380,P0062,2025-12-17,3,0.15
O01174,C0329,P0044,2026-04-03,3,0.1
O01175,C0462,P0052,2025-08-11,4,0.15
O01176,C0457,P0048,2026-01-31,4,0.1
O01177,C0438,P0095,2026-03-29,2,0.15
O01178,C0132,P0060,2026-01-11,1,0.1
O01179,C0426,P0093,2026-03-08,1,0.15
O01180,C0109,P0037,2025-11-11,1,0.15
O01181,C0471,P0058,2025-06-24,4,0.05
O01182,C0186,P0093,2025-05-10,4,0.15
O01183,C0359,P0004,2025-01-09,3,0.2
O01184,C0171,P0020,2025-02-18,2,0.05
O01185,C0177,P0098,2025-07-02,4,0.05
O01186,C0370,P0046,2026-06-03,3,0.0
O01187,C0058,P0027,2025-05-15,4,0.0
O01188,C0374,P0021,2025-07-15,3,0.1
O01189,C0390,P0055,2025-04-26,3,0.0
O01190,C0231,P0049,2025-03-05,3,0.2
O01191,C0432,P0074,2025-03-13,2,0.2
O01192,C0346,P0008,2025-10-05,3,0.0
O01193,C0323,P0061,2025-09-27,1,0.0
O01194,C0289,P0078,2025-06-11,3,0.05
O01195,C0038,P0094,2025-06-18,4,0.0
O01196,C0315,P0097,2026-04-29,1,0.15
O01197,C0404,P0088,2026-05-08,4,0.0
O01198,C0153,P0034,2026-06-29,1,0.15
O01199,C0007,P0026,2026-01-02,4,0.1
O01200,C0133,P0021,2025-01-04,3,0.2
O01201,C0368,P0009,2026-03-07,3,0.1
O01202,C0478,P0067,2025-10-04,2,0.1
O01203,C0086,P0066,2025-05-13,3,0.15
O01204,C0431,P0100,2025-12-31,4,0.15
O01205,C0015,P0018,2026-02-14,2,0.05
O01206,C0452,P0056,2025-02-20,4,0.1
O01207,C0228,P0029,2026-06-30,1,0.1
O01208,C0395,P0069,2026-05-26,3,0.0
O01209,C0476,P0089,2025-10-26,1,0.15
O01210,C0098,P0014,2026-02-26,1,0.15
O01211,C0038,P0030,2025-01-04,4,0.1
O01212,C0089,P0077,2025-02-01,4,0.05
O01213,C0378,P0075,2025-10-17,2,0.0
O01214,C0178,P0051,2025-01-02,4,0.15
O01215,C0398,P0091,2026-02-21,1,0.1
O01216,C0188,P0063,2026-02-17,4,0.2
O01217,C0143,P0095,2025-05-03,1,0.0
O01218,C0099,P0070,2026-02-06,2,0.0
O01219,C0439,P0095,2025-01-01,2,0.05
O01220,C0196,P0003,2026-05-31,3,0.05
O01221,C0091,P0069,2025-08-13,1,0.0
O01222,C0325,P0007,2025-10-26,3,0.05
O01223,C0339,P0069,2025-04-25,1,0.2
O01224,C0196,P0012,2025-08-05,3,0.0
O01225,C0028,P0036,2025-11-06,1,0.2
O01226,C0437,P0073,2025-04-03,2,0.1
O01227,C0150,P0055,2026-01-03,3,0.15
O01228,C0147,P0006,2025-05-09,1,0.1
O01229,C0003,P0043,2025-07-28,3,0.1
O01230,C0139,P0047,2025-03-28,4,0.15
O01231,C0457,P0027,2025-12-13,4,0.2
O01232,C0152,P0012,2025-01-27,4,0.1
O01233,C0450,P0056,2025-06-05,3,0.05
O01234,C0464,P0020,2025-04-10,3,0.05
O01235,C0487,P0063,2025-03-15,1,0.0
O01236,C0432,P0047,2026-04-06,4,0.0
O01237,C0081,P0094,2026-04-06,4,0.05
O01238,C0211,P0043,2025-03-28,2,0.2
O01239,C0182,P0055,2025-09-02,2,0.05
O01240,C0356,P0020,2025-03-31,3,0.2
O01241,C0080,P0028,2025-08-09,4,0.15
O01242,C0485,P0074,2025-09-17,4,0.15
O01243,C0081,P0084,2025-03-16,4,0.05
O01244,C0273,P0098,2026-03-19,1,0.15
O01245,C0443,P0029,2025-08-14,4,0.1
O01246,C0204,P0083,2026-04-30,2,0.2
O01247,C0318,P0006,2025-08-15,3,0.05
O01248,C0102,P0031,2025-08-11,1,0.05
O01249,C0129,P0006,2025-09-15,1,0.15
O01250,C0271,P0011,2026-05-04,4,0.0
O01251,C0310,P0059,2025-04-28,2,0.15
O01252,C0117,P0030,2025-08-28,3,0.1
O01253,C0029,P0034,2025-05-21,3,0.2
O01254,C0098,P0018,2025-11-10,4,0.2
O01255,C0455,P0002,2025-05-08,2,0.1
O01256,C0085,P0073,2025-05-24,4,0.15
O01257,C0129,P0076,2025-06-08,2,0.0
O01258,C0009,P0005,2026-05-27,2,0.0
O01259,C0041,P0060,2025-04-06,1,0.1
O01260,C0283,P0050,2025-06-19,2,0.0
O01261,C0399,P0004,2025-04-01,4,0.0
O01262,C0181,P0017,2026-04-06,4,0.0
O01263,C0103,P0007,2025-01-06,4,0.0
O01264,C0384,P0094,2025-02-06,3,0.0
O01265,C0361,P0004,2026-05-28,2,0.1
O01266,C0449,P0098,2026-03-05,3,0.0
O01267,C0104,P0038,2026-03-01,2,0.15
O01268,C0268,P0021,2025-04-01,3,0.0
O01269,C0328,P0086,2025-04-17,1,0.1
O01270,C0059,P0053,2025-12-26,4,0.0
O01271,C0202,P0021,2026-02-11,2,0.2
O01272,C0102,P0031,2025-08-27,4,0.2
O01273,C0184,P0009,2025-04-06,4,0.15
O01274,C0091,P0018,2026-05-11,4,0.2
O01275,C0116,P0014,2025-01-22,2,0.0
O01276,C0096,P0044,2026-04-30,1,0.0
O01277,C0363,P0014,2025-05-11,3,0.2
O01278,C0251,P0096,2026-05-25,1,0.15
O01279,C0335,P0005,2026-04-10,3,0.15
O01280,C0414,P0057,2025-08-24,3,0.2
O01281,C0002,P0093,2026-03-22,1,0.15
O01282,C0261,P0082,2025-01-30,3,0.15
O01283,C0011,P0088,2025-01-26,1,0.1
O01284,C0157,P0020,2025-02-07,3,0.2
O01285,C0451,P0090,2025-01-30,3,0.1
O01286,C0288,P0093,2025-09-03,2,0.1
O01287,C0251,P0052,2025-07-03,1,0.05
O01288,C0354,P0048,2025-12-04,3,0.15
O01289,C0277,P0070,2026-02-15,3,0.2
O01290,C0041,P0053,2025-09-30,2,0.2
O01291,C0035,P0023,2026-04-13,1,0.2
O01292,C0116,P0088,2026-02-06,3,0.2
O01293,C0178,P0049,2025-07-03,4,0.2
O01294,C0395,P0004,2025-05-28,1,0.1
O01295,C0321,P0016,2026-04-15,4,0.2
O01296,C0016,P0041,2026-02-11,3,0.2
O01297,C0394,P0093,2025-01-11,2,0.05
O01298,C0443,P0045,2025-08-27,2,0.2
O01299,C0298,P0006,2026-05-21,4,0.2
O01300,C0144,P0014,2025-09-02,1,0.1
O01301,C0146,P0059,2025-12-25,1,0.1
O01302,C0492,P0091,2026-06-29,3,0.05
O01303,C0424,P0079,2026-04-29,4,0.2
O01304,C0459,P0087,2025-09-10,1,0.2
O01305,C0496,P0065,2025-11-28,2,0.1
O01306,C0054,P0024,2026-06-28,4,0.1
O01307,C0089,P0012,2026-02-24,3,0.0
O01308,C0194,P0027,2026-01-02,1,0.2
O01309,C0278,P0016,2026-03-04,2,0.0
O01310,C0008,P0061,2025-12-26,1,0.05
O01311,C0282,P0043,2025-07-24,3,0.0
O01312,C0445,P0017,2025-12-09,2,0.15
O01313,C0084,P0082,2025-09-16,3,0.1
O01314,C0336,P0001,2026-04-21,3,0.15
O01315,C0014,P0081,2025-11-26,2,0.15
O01316,C0468,P0080,2025-05-03,2,0.05
O01317,C0228,P0095,2025-04-04,1,0.05
O01318,C0131,P0060,2025-11-12,3,0.15
O01319,C0459,P0039,2025-07-18,2,0.0
O01320,C0163,P0005,2025-10-02,4,0.0
O01321,C0320,P0079,2026-05-24,2,0.05
O01322,C0342,P0023,2025-06-13,4,0.0
O01323,C0190,P0048,2025-07-10,4,0.2
O01324,C0464,P0064,2026-05-24,3,0.0
O01325,C0117,P0025,2026-06-10,1,0.2
O01326,C0422,P0041,2025-07-21,3,0.0
O01327,C0450,P0095,2025-12-11,2,0.2
O01328,C0476,P0072,2026-01-15,2,0.2
O01329,C0301,P0093,2025-09-30,1,0.1
O01330,C0117,P0097,2025-12-06,3,0.1
O01331,C0358,P0061,2025-02-18,2,0.2
O01332,C0194,P0074,2026-03-24,2,0.2
O01333,C0251,P0099,2025-02-03,1,0.0
O01334,C0172,P0025,2025-10-15,4,0.1
O01335,C0268,P0084,2025-01-13,4,0.1
O01336,C0317,P0041,2025-01-27,2,0.05
O01337,C0495,P0069,2026-01-02,4,0.0
O01338,C0483,P0017,2026-01-03,3,0.15
O01339,C0210,P0017,2026-02-04,2,0.15
O01340,C0387,P0063,2026-02-06,3,0.2
O01341,C0485,P0052,2025-05-12,2,0.15
O01342,C0264,P0081,2026-05-28,3,0.0
O01343,C0397,P0008,2025-11-05,2,0.1
O01344,C0162,P0082,2026-05-18,4,0.0
O01345,C0060,P0026,2025-02-21,1,0.1
O01346,C0226,P0032,2025-05-07,2,0.05
O01347,C0477,P0061,2025-04-28,3,0.05
O01348,C0238,P0064,2025-08-16,4,0.05
O01349,C0083,P0048,2026-01-28,3,0.2
O01350,C0287,P0021,2026-02-16,3,0.15
O01351,C0008,P0082,2025-12-27,4,0.15
O01352,C0042,P0086,2025-01-28,1,0.2
O01353,C0400,P0016,2026-04-15,4,0.15
O01354,C0253,P0085,2025-03-20,1,0.0
O01355,C0440,P0008,2026-06-15,1,0.1
O01356,C0432,P0003,2025-07-23,1,0.0
O01357,C0112,P0001,2025-07-25,1,0.05
O01358,C0109,P0061,2026-03-27,2,0.05
O01359,C0436,P0001,2026-06-29,4,0.05
O01360,C0454,P0026,2026-01-18,4,0.15
O01361,C0301,P0061,2025-05-30,1,0.05
O01362,C0451,P0005,2025-03-07,1,0.0
O01363,C0367,P0002,2026-03-15,2,0.1
O01364,C0179,P0081,2025-01-19,2,0.1
O01365,C0192,P0007,2025-02-03,3,0.2
O01366,C0098,P0062,2026-03-29,3,0.1
O01367,C0094,P0003,2026-05-27,4,0.15
O01368,C0204,P0024,2026-05-20,4,0.0
O01369,C0207,P0043,2026-03-11,2,0.05
O01370,C0231,P0014,2025-04-21,1,0.05
O01371,C0446,P0091,2025-06-12,1,0.05
O01372,C0451,P0023,2025-09-07,4,0.0
O01373,C0349,P0031,2026-05-11,3,0.15
O01374,C0352,P0010,2025-12-23,1,0.2
O01375,C0416,P0033,2026-03-06,4,0.1
O01376,C0418,P0066,2025-06-26,4,0.1
O01377,C0128,P0042,2026-06-10,2,0.15
O01378,C0346,P0074,2026-02-28,1,0.1
O01379,C0113,P0084,2026-02-26,3,0.2
O01380,C0315,P0008,2025-05-02,2,0.1
O01381,C0195,P0096,2025-10-05,2,0.0
O01382,C0181,P0027,2026-04-01,1,0.05
O01383,C0285,P0004,2025-09-23,4,0.0
O01384,C0081,P0076,2025-07-18,2,0.0
O01385,C0356,P0082,2025-01-07,2,0.2
O01386,C0085,P0062,2025-08-07,2,0.0
O01387,C0278,P0086,2026-03-20,1,0.2
O01388,C0271,P0073,2026-05-09,3,0.05
O01389,C0465,P0048,2025-04-04,2,0.15
O01390,C0061,P0077,2026-02-24,3,0.1
O01391,C0398,P0058,2025-08-27,3,0.05
O01392,C0318,P0068,2025-03-05,3,0.2
O01393,C0009,P0076,2025-11-03,4,0.1
O01394,C0284,P0002,2025-03-12,1,0.0
O01395,C0191,P0075,2026-01-06,1,0.15
O01396,C0147,P0069,2025-04-30,2,0.15
O01397,C0204,P0071,2026-02-27,1,0.1
O01398,C0195,P0013,2025-10-27,4,0.0
O01399,C0232,P0035,2025-07-20,2,0.1
O01400,C0188,P0074,2025-11-12,1,0.15
O01401,C0294,P0038,2026-04-17,4,0.05
O01402,C0159,P0071,2025-12-03,4,0.0
O01403,C0145,P0066,2025-04-19,3,0.0
O01404,C0459,P0061,2026-02-23,1,0.15
O01405,C0200,P0011,2026-03-28,2,0.2
O01406,C0256,P0007,2025-11-12,1,0.0
O01407,C0110,P0011,2025-07-28,1,0.15
O01408,C0300,P0030,2026-05-30,1,0.05
O01409,C0456,P0041,2025-10-11,3,0.1
O01410,C0136,P0065,2025-10-03,2,0.0
O01411,C0011,P0077,2026-04-03,3,0.0
O01412,C0389,P0065,2025-04-30,1,0.05
O01413,C0292,P0098,2025-11-21,2,0.15
O01414,C0039,P0072,2026-04-19,2,0.05
O01415,C0290,P0002,2026-03-15,4,0.0
O01416,C0181,P0063,2025-01-21,4,0.15
O01417,C0037,P0099,2026-04-07,1,0.05
O01418,C0235,P0027,2026-02-23,1,0.15
O01419,C0217,P0061,2025-11-07,3,0.15
O01420,C0205,P0095,2025-05-03,4,0.15
O01421,C0096,P0002,2025-12-17,4,0.1
O01422,C0017,P0060,2026-04-20,4,0.2
O01423,C0304,P0091,2025-12-20,2,0.05
O01424,C0104,P0010,2025-11-12,4,0.15
O01425,C0148,P0041,2026-01-21,1,0.2
O01426,C0432,P0081,2026-02-13,2,0.0
O01427,C0445,P0046,2025-02-28,4,0.2
O01428,C0216,P0086,2025-07-07,1,0.2
O01429,C0312,P0060,2025-05-30,2,0.15
O01430,C0162,P0030,2025-04-02,1,0.2
O01431,C0134,P0021,2025-03-05,1,0.05
O01432,C0189,P0047,2026-03-16,2,0.05
O01433,C0210,P0082,2025-11-16,4,0.15
O01434,C0072,P0070,2025-04-29,2,0.15
O01435,C0256,P0067,2025-10-15,4,0.1
O01436,C0384,P0061,2025-05-28,2,0.15
O01437,C0400,P0039,2025-12-27,3,0.2
O01438,C0194,P0095,2026-01-22,3,0.05
O01439,C0373,P0077,2025-07-24,3,0.0
O01440,C0098,P0033,2025-11-14,1,0.2
O01441,C0070,P0015,2026-05-18,1,0.0
O01442,C0135,P0045,2026-02-07,4,0.1
O01443,C0278,P0093,2025-12-20,4,0.2
O01444,C0301,P0072,2025-12-21,3,0.2
O01445,C0054,P0010,2026-02-20,2,0.1
O01446,C0290,P0001,2025-04-05,4,0.1
O01447,C0305,P0066,2026-03-01,4,0.15
O01448,C0403,P0042,2025-11-26,2,0.0
O01449,C0239,P0081,2026-04-13,3,0.1
O01450,C0026,P0083,2025-06-24,1,0.05
O01451,C0096,P0053,2025-08-02,1,0.2
O01452,C0047,P0019,2026-05-07,1,0.0
O01453,C0133,P0058,2025-11-17,1,0.2
O01454,C0467,P0099,2026-01-26,4,0.1
O01455,C0014,P0002,2025-07-29,1,0.1
O01456,C0376,P0054,2026-02-22,1,0.1
O01457,C0432,P0059,2025-07-14,4,0.1
O01458,C0058,P0052,2025-05-20,3,0.05
O01459,C0226,P0042,2025-08-10,2,0.2
O01460,C0496,P0066,2025-02-08,2,0.05
O01461,C0195,P0081,2025-02-24,3,0.15
O01462,C0178,P0084,2025-12-26,1,0.15
O01463,C0419,P0063,2025-08-06,1,0.2
O01464,C0344,P0016,2025-04-02,2,0.1
O01465,C0196,P0020,2025-11-12,2,0.05
O01466,C0086,P0030,2025-01-12,3,0.15
O01467,C0424,P0070,2025-02-23,2,0.0
O01468,C0293,P0058,2026-02-18,1,0.15
O01469,C0192,P0048,2025-07-02,1,0.15
O01470,C0500,P0026,2025-10-01,3,0.2
O01471,C0487,P0012,2025-04-16,2,0.05
O01472,C0239,P0082,2025-08-26,2,0.1
O01473,C0339,P0079,2025-08-07,2,0.1
O01474,C0197,P0009,2025-04-22,4,0.05
O01475,C0294,P0012,2025-01-02,1,0.1
O01476,C0189,P0048,2025-07-05,3,0.0
O01477,C0084,P0083,2025-07-03,4,0.15
O01478,C0305,P0079,2025-05-07,3,0.2
O01479,C0072,P0062,2025-12-16,2,0.15
O01480,C0005,P0096,2025-07-11,2,0.0
O01481,C0378,P0030,2025-06-21,2,0.2
O01482,C0345,P0096,2025-07-09,2,0.15
O01483,C0342,P0088,2026-05-17,4,0.1
O01484,C0384,P0096,2026-03-12,3,0.2
O01485,C0029,P0098,2025-09-04,1,0.0
O01486,C0378,P0010,2026-02-16,1,0.0
O01487,C0427,P0021,2025-05-27,2,0.15
O01488,C0348,P0075,2025-05-08,3,0.05
O01489,C0273,P0054,2025-01-24,4,0.05
O01490,C0003,P0009,2025-12-26,1,0.15
O01491,C0059,P0012,2025-07-27,2,0.05
O01492,C0308,P0021,2026-03-28,2,0.15
O01493,C0278,P0004,2026-02-24,1,0.15
O01494,C0136,P0028,2026-05-22,1,0.15
O01495,C0320,P0096,2025-07-02,2,0.0
O01496,C0098,P0050,2025-08-22,3,0.2
O01497,C0345,P0058,2026-03-08,3,0.2
O01498,C0321,P0020,2025-10-27,1,0.1
O01499,C0343,P0038,2025-12-12,4,0.2
O01500,C0440,P0100,2025-01-17,1,0.15
O01501,C0409,P0054,2026-05-15,1,0.2
O01502,C0361,P0088,2025-03-30,4,0.0
O01503,C0150,P0040,2025-11-24,3,0.0
O01504,C0398,P0068,2025-09-18,2,0.05
O01505,C0002,P0082,2025-03-02,1,0.2
O01506,C0189,P0027,2025-09-09,4,0.15
O01507,C0155,P0058,2025-03-10,3,0.0
O01508,C0018,P0008,2025-10-18,4,0.2
O01509,C0179,P0033,2026-04-17,2,0.2
O01510,C0301,P0004,2026-01-06,2,0.05
O01511,C0103,P0030,2025-12-08,3,0.05
O01512,C0157,P0026,2025-12-16,4,0.15
O01513,C0439,P0066,2025-06-28,3,0.05
O01514,C0412,P0010,2025-03-12,1,0.0
O01515,C0421,P0043,2025-02-21,1,0.2
O01516,C0016,P0049,2025-08-26,1,0.05
O01517,C0028,P0088,2025-01-06,1,0.1
O01518,C0082,P0072,2025-07-07,3,0.05
O01519,C0286,P0007,2025-01-26,4,0.2
O01520,C0437,P0031,2025-11-24,3,0.0
O01521,C0266,P0095,2025-11-12,1,0.05
O01522,C0465,P0060,2026-01-11,4,0.05
O01523,C0032,P0080,2026-03-24,3,0.15
O01524,C0103,P0052,2025-02-07,3,0.1
O01525,C0372,P0012,2025-01-13,4,0.1
O01526,C0100,P0088,2025-01-21,1,0.15
O01527,C0056,P0013,2025-05-09,3,0.15
O01528,C0124,P0033,2025-11-26,3,0.0
O01529,C0408,P0045,2026-01-31,1,0.1
O01530,C0073,P0073,2025-02-19,3,0.15
O01531,C0314,P0029,2026-04-05,1,0.2
O01532,C0220,P0020,2025-04-05,1,0.15
O01533,C0330,P0074,2026-05-20,2,0.05
O01534,C0010,P0090,2025-09-28,2,0.1
O01535,C0056,P0009,2026-05-15,2,0.1
O01536,C0098,P0068,2025-04-11,2,0.15
O01537,C0180,P0065,2025-11-28,4,0.15
O01538,C0201,P0005,2026-04-15,4,0.1
O01539,C0480,P0057,2025-09-22,4,0.05
O01540,C0315,P0060,2025-05-11,1,0.05
O01541,C0209,P0008,2026-04-29,1,0.0
O01542,C0416,P0044,2025-03-30,2,0.0
O01543,C0424,P0052,2025-09-11,4,0.2
O01544,C0454,P0054,2025-02-17,2,0.2
O01545,C0201,P0052,2026-05-01,3,0.2
O01546,C0220,P0026,2025-09-03,1,0.0
O01547,C0405,P0082,2025-02-06,1,0.0
O01548,C0429,P0007,2025-04-17,2,0.1
O01549,C0307,P0004,2026-04-21,2,0.1
O01550,C0266,P0006,2025-08-16,4,0.2
O01551,C0271,P0068,2025-03-27,3,0.2
O01552,C0028,P0091,2025-02-25,2,0.05
O01553,C0183,P0012,2026-06-21,4,0.1
O01554,C0408,P0079,2025-04-27,1,0.2
O01555,C0498,P0017,2025-04-21,1,0.1
O01556,C0478,P0010,2026-02-06,2,0.2
O01557,C0107,P0100,2025-06-03,1,0.05
O01558,C0113,P0027,2026-04-04,4,0.15
O01559,C0307,P0027,2026-04-12,3,0.05
O01560,C0386,P0035,2025-09-10,3,0.2
O01561,C0285,P0004,2026-06-23,3,0.05
O01562,C0488,P0060,2026-04-05,4,0.2
O01563,C0209,P0093,2025-01-22,3,0.15
O01564,C0310,P0066,2025-12-16,2,0.05
O01565,C0171,P0045,2025-05-17,4,0.0
O01566,C0209,P0085,2025-05-17,4,0.2
O01567,C0015,P0004,2025-05-30,3,0.2
O01568,C0363,P0018,2025-11-29,2,0.05
O01569,C0138,P0012,2025-02-24,3,0.1
O01570,C0079,P0051,2025-07-19,1,0.05
O01571,C0079,P0041,2026-06-30,2,0.2
O01572,C0406,P0009,2026-02-22,4,0.0
O01573,C0110,P0034,2025-02-22,2,0.0
O01574,C0354,P0005,2026-06-17,1,0.15
O01575,C0062,P0047,2026-03-29,3,0.0
O01576,C0195,P0037,2025-06-25,2,0.15
O01577,C0453,P0039,2025-08-18,2,0.1
O01578,C0351,P0030,2025-10-15,4,0.2
O01579,C0194,P0082,2025-02-23,3,0.0
O01580,C0085,P0095,2025-01-23,1,0.05
O01581,C0004,P0032,2026-03-13,4,0.15
O01582,C0378,P0063,2025-08-14,4,0.15
O01583,C0080,P0069,2026-03-10,2,0.15
O01584,C0292,P0011,2025-01-08,1,0.0
O01585,C0013,P0077,2025-04-04,4,0.2
O01586,C0260,P0034,2026-03-02,3,0.0
O01587,C0440,P0017,2025-11-10,4,0.1
O01588,C0172,P0070,2025-09-07,1,0.15
O01589,C0358,P0086,2026-01-02,4,0.1
O01590,C0336,P0029,2025-10-11,4,0.05
O01591,C0318,P0003,2026-03-22,4,0.05
O01592,C0179,P0035,2026-03-11,1,0.0
O01593,C0028,P0040,2025-07-19,4,0.15
O01594,C0150,P0033,2026-01-18,2,0.05
O01595,C0153,P0081,2026-06-27,4,0.1
O01596,C0438,P0088,2026-05-04,1,0.2
O01597,C0413,P0077,2025-01-01,2,0.1
O01598,C0412,P0076,2025-04-22,4,0.2
O01599,C0437,P0069,2025-03-16,4,0.15
O01600,C0153,P0016,2025-12-22,2,0.05
O01601,C0290,P0033,2025-04-16,3,0.15
O01602,C0034,P0069,2026-06-13,4,0.2
O01603,C0411,P0080,2025-07-22,1,0.15
O01604,C0176,P0028,2026-01-03,3,0.2
O01605,C0484,P0096,2026-02-07,1,0.2
O01606,C0141,P0089,2026-03-15,1,0.2
O01607,C0311,P0046,2025-12-07,2,0.15
O01608,C0177,P0069,2026-05-17,4,0.0
O01609,C0006,P0021,2026-05-14,1,0.15
O01610,C0019,P0084,2025-08-09,1,0.0
O01611,C0359,P0013,2025-01-10,3,0.2
O01612,C0336,P0085,2026-04-21,3,0.15
O01613,C0410,P0078,2025-02-20,1,0.0
O01614,C0134,P0077,2025-05-28,4,0.2
O01615,C0400,P0009,2026-01-20,1,0.05
O01616,C0043,P0002,2026-05-09,4,0.1
O01617,C0451,P0067,2025-11-26,1,0.05
O01618,C0201,P0094,2025-12-15,4,0.0
O01619,C0237,P0071,2025-04-01,2,0.1
O01620,C0308,P0051,2026-03-03,4,0.05
O01621,C0038,P0048,2026-02-05,1,0.05
O01622,C0478,P0071,2025-12-14,1,0.15
O01623,C0017,P0087,2026-04-20,4,0.1
O01624,C0203,P0046,2026-03-31,3,0.05
O01625,C0358,P0100,2025-10-25,1,0.1
O01626,C0430,P0077,2026-06-04,3,0.0
O01627,C0377,P0002,2025-04-21,2,0.1
O01628,C0404,P0022,2025-06-13,2,0.2
O01629,C0041,P0082,2025-01-16,4,0.0
O01630,C0275,P0056,2026-03-16,3,0.2
O01631,C0131,P0009,2026-06-08,4,0.15
O01632,C0490,P0054,2026-01-28,3,0.1
O01633,C0162,P0038,2026-02-11,2,0.0
O01634,C0353,P0072,2025-03-22,2,0.05
O01635,C0495,P0087,2025-05-24,3,0.15
O01636,C0468,P0074,2025-01-22,4,0.2
O01637,C0011,P0094,2025-08-19,2,0.1
O01638,C0144,P0039,2026-01-04,2,0.2
O01639,C0458,P0038,2026-01-07,1,0.0
O01640,C0098,P0076,2025-12-09,2,0.2
O01641,C0070,P0070,2026-03-31,2,0.05
O01642,C0289,P0098,2025-01-09,3,0.1
O01643,C0351,P0076,2025-02-08,3,0.2
O01644,C0014,P0007,2025-10-18,2,0.15
O01645,C0369,P0100,2026-03-06,4,0.1
O01646,C0212,P0056,2025-08-13,4,0.1
O01647,C0323,P0097,2026-04-12,3,0.15
O01648,C0058,P0072,2025-01-28,3,0.1
O01649,C0084,P0088,2025-07-29,4,0.0
O01650,C0281,P0027,2026-03-25,1,0.2
O01651,C0298,P0026,2025-11-23,2,0.05
O01652,C0067,P0084,2026-05-17,3,0.1
O01653,C0265,P0092,2025-01-29,3,0.15
O01654,C0172,P0018,2026-01-10,2,0.2
O01655,C0061,P0013,2025-11-26,4,0.2
O01656,C0144,P0063,2026-06-20,3,0.15
O01657,C0300,P0031,2026-03-23,3,0.15
O01658,C0160,P0054,2026-04-09,1,0.15
O01659,C0196,P0002,2026-02-03,2,0.1
O01660,C0451,P0056,2025-07-04,1,0.2
O01661,C0224,P0030,2025-09-09,4,0.1
O01662,C0185,P0075,2025-01-19,2,0.2
O01663,C0305,P0081,2025-07-03,2,0.2
O01664,C0313,P0006,2025-04-06,1,0.0
O01665,C0280,P0055,2025-08-08,3,0.0
O01666,C0070,P0071,2025-01-05,1,0.1
O01667,C0278,P0090,2025-05-22,4,0.1
O01668,C0011,P0023,2025-03-22,2,0.05
O01669,C0188,P0029,2025-09-11,2,0.15
O01670,C0244,P0040,2025-09-30,3,0.05
O01671,C0270,P0082,2025-07-31,2,0.15
O01672,C0121,P0035,2025-10-09,2,0.15
O01673,C0398,P0079,2026-05-07,3,0.1
O01674,C0415,P0099,2025-06-24,1,0.2
O01675,C0003,P0070,2025-10-30,2,0.2
O01676,C0352,P0053,2025-04-12,2,0.15
O01677,C0483,P0012,2026-02-08,2,0.05
O01678,C0444,P0022,2026-05-08,3,0.2
O01679,C0200,P0001,2025-02-10,3,0.05
O01680,C0420,P0052,2026-05-23,4,0.0
O01681,C0196,P0056,2026-01-24,4,0.15
O01682,C0065,P0023,2026-04-05,1,0.2
O01683,C0434,P0018,2026-03-31,1,0.1
O01684,C0160,P0012,2026-02-19,1,0.15
O01685,C0216,P0066,2025-01-06,2,0.15
O01686,C0161,P0050,2025-04-06,4,0.15
O01687,C0248,P0094,2025-05-02,1,0.15
O01688,C0416,P0056,2026-02-13,4,0.2
O01689,C0059,P0093,2025-01-03,4,0.2
O01690,C0008,P0078,2026-02-25,1,0.05
O01691,C0460,P0019,2026-04-04,1,0.0
O01692,C0102,P0005,2025-01-12,4,0.2
O01693,C0334,P0023,2026-06-29,2,0.2
O01694,C0411,P0075,2026-06-13,1,0.2
O01695,C0462,P0081,2026-04-01,2,0.0
O01696,C0323,P0070,2026-03-27,4,0.0
O01697,C0265,P0043,2025-12-17,3,0.2
O01698,C0194,P0059,2025-04-12,4,0.1
O01699,C0431,P0002,2025-11-11,4,0.2
O01700,C0325,P0055,2025-11-01,1,0.15
O01701,C0208,P0095,2025-08-25,1,0.2
O01702,C0374,P0035,2025-01-10,1,0.0
O01703,C0087,P0045,2026-02-02,4,0.15
O01704,C0060,P0004,2026-02-20,1,0.1
O01705,C0070,P0062,2025-10-18,4,0.05
O01706,C0495,P0060,2025-10-25,4,0.1
O01707,C0090,P0051,2026-04-09,3,0.15
O01708,C0389,P0088,2026-06-16,2,0.1
O01709,C0226,P0083,2025-07-29,4,0.2
O01710,C0152,P0049,2026-02-22,2,0.05
O01711,C0214,P0069,2025-05-07,3,0.15
O01712,C0412,P0079,2025-12-11,2,0.05
O01713,C0137,P0090,2026-01-03,3,0.0
O01714,C0454,P0098,2025-05-15,1,0.15
O01715,C0462,P0095,2025-01-02,1,0.15
O01716,C0199,P0069,2026-03-16,1,0.05
O01717,C0074,P0023,2025-01-12,3,0.15
O01718,C0148,P0047,2025-06-12,2,0.05
O01719,C0153,P0062,2025-09-20,1,0.0
O01720,C0086,P0031,2026-06-10,3,0.15
O01721,C0489,P0033,2026-05-20,1,0.1
O01722,C0324,P0078,2026-04-20,3,0.0
O01723,C0303,P0082,2025-12-23,4,0.2
O01724,C0081,P0089,2025-01-16,4,0.0
O01725,C0046,P0052,2025-07-03,4,0.15
O01726,C0478,P0076,2025-09-17,3,0.2
O01727,C0491,P0073,2026-01-16,4,0.2
O01728,C0013,P0038,2026-06-12,3,0.2
O01729,C0330,P0094,2026-05-11,2,0.15
O01730,C0338,P0035,2025-12-24,3,0.2
O01731,C0122,P0095,2025-05-03,1,0.2
O01732,C0182,P0015,2025-11-13,3,0.05
O01733,C0035,P0025,2025-03-10,4,0.1
O01734,C0461,P0092,2026-06-17,1,0.05
O01735,C0236,P0013,2026-03-14,2,0.0
O01736,C0365,P0091,2025-12-23,4,0.15
O01737,C0264,P0007,2026-01-10,1,0.15
O01738,C0492,P0078,2026-02-24,1,0.15
O01739,C0263,P0084,2025-04-27,4,0.1
O01740,C0336,P0053,2025-11-05,4,0.05
O01741,C0029,P0075,2026-02-23,2,0.0
O01742,C0123,P0010,2026-04-02,1,0.05
O01743,C0244,P0011,2026-03-29,1,0.0
O01744,C0105,P0078,2025-08-01,2,0.05
O01745,C0484,P0065,2026-04-06,1,0.1
O01746,C0092,P0006,2026-05-10,4,0.2
O01747,C0098,P0079,2026-06-10,4,0.0
O01748,C0241,P0063,2025-07-26,1,0.05
O01749,C0430,P0088,2025-07-18,2,0.1
O01750,C0480,P0062,2025-03-03,4,0.15
O01751,C0436,P0042,2025-02-01,4,0.1
O01752,C0407,P0095,2026-03-20,4,0.0
O01753,C0177,P0035,2026-05-13,4,0.1
O01754,C0432,P0075,2026-03-02,1,0.1
O01755,C0265,P0065,2026-02-28,3,0.2
O01756,C0230,P0010,2026-03-30,3,0.2
O01757,C0207,P0075,2025-06-09,2,0.15
O01758,C0115,P0097,2025-05-05,1,0.0
O01759,C0252,P0065,2025-08-20,2,0.1
O01760,C0232,P0059,2025-08-15,2,0.05
O01761,C0379,P0045,2025-05-27,1,0.05
O01762,C0042,P0098,2025-05-23,2,0.05
O01763,C0472,P0097,2025-03-27,1,0.05
O01764,C0376,P0041,2025-02-19,4,0.1
O01765,C0085,P0008,2025-09-24,4,0.1
O01766,C0130,P0072,2026-01-02,2,0.05
O01767,C0415,P0041,2025-04-06,4,0.2
O01768,C0259,P0058,2026-06-16,1,0.1
O01769,C0459,P0016,2025-05-29,4,0.0
O01770,C0167,P0037,2025-09-04,3,0.15
O01771,C0139,P0086,2026-01-24,1,0.15
O01772,C0314,P0018,2026-03-18,2,0.0
O01773,C0043,P0076,2025-07-14,3,0.2
O01774,C0027,P0057,2025-06-15,4,0.0
O01775,C0120,P0072,2025-03-21,3,0.1
O01776,C0140,P0015,2026-04-19,3,0.05
O01777,C0228,P0048,2025-01-17,4,0.2
O01778,C0315,P0001,2025-08-15,1,0.0
O01779,C0465,P0028,2025-07-25,1,0.2
O01780,C0279,P0041,2025-10-19,2,0.0
O01781,C0215,P0016,2025-02-18,4,0.05
O01782,C0316,P0027,2025-04-08,3,0.0
O01783,C0301,P0002,2025-11-20,4,0.1
O01784,C0035,P0054,2025-01-22,1,0.1
O01785,C0119,P0014,2026-05-26,2,0.2
O01786,C0453,P0094,2025-09-20,2,0.1
O01787,C0020,P0004,2025-08-05,3,0.05
O01788,C0378,P0095,2026-03-08,2,0.2
O01789,C0173,P0082,2026-06-07,1,0.1
O01790,C0211,P0027,2025-11-20,3,0.0
O01791,C0336,P0085,2025-01-26,2,0.0
O01792,C0135,P0047,2026-05-29,2,0.05
O01793,C0371,P0011,2025-10-27,2,0.05
O01794,C0286,P0084,2025-12-29,2,0.2
O01795,C0230,P0037,2025-02-14,1,0.1
O01796,C0184,P0003,2026-04-15,1,0.15
O01797,C0462,P0077,2026-02-27,3,0.2
O01798,C0437,P0029,2025-06-16,4,0.1
O01799,C0323,P0091,2025-07-06,4,0.1
O01800,C0336,P0030,2025-04-12,4,0.0
O01801,C0105,P0039,2026-06-18,3,0.1
O01802,C0174,P0053,2025-05-23,3,0.2
O01803,C0238,P0013,2025-08-09,2,0.1
O01804,C0084,P0026,2025-03-04,4,0.1
O01805,C0253,P0016,2026-06-07,1,0.2
O01806,C0454,P0038,2025-09-02,4,0.15
O01807,C0105,P0008,2025-01-15,4,0.1
O01808,C0073,P0082,2025-04-01,1,0.15
O01809,C0291,P0066,2026-02-27,1,0.1
O01810,C0122,P0025,2025-06-18,1,0.1
O01811,C0113,P0064,2025-02-11,3,0.05
O01812,C0282,P0041,2026-05-18,4,0.05
O01813,C0064,P0045,2025-08-26,2,0.0
O01814,C0196,P0059,2026-01-09,1,0.05
O01815,C0132,P0018,2025-08-09,3,0.2
O01816,C0071,P0035,2025-12-07,1,0.05
O01817,C0337,P0011,2025-06-10,3,0.1
O01818,C0049,P0088,2026-06-05,3,0.1
O01819,C0349,P0063,2026-05-06,2,0.2
O01820,C0416,P0043,2026-04-27,1,0.05
O01821,C0298,P0047,2026-05-21,2,0.05
O01822,C0136,P0019,2025-04-04,3,0.15
O01823,C0020,P0009,2025-04-06,1,0.15
O01824,C0091,P0032,2025-11-27,4,0.05
O01825,C0331,P0039,2025-07-16,2,0.15
O01826,C0371,P0025,2025-07-18,1,0.1
O01827,C0469,P0099,2026-06-12,4,0.05
O01828,C0221,P0063,2025-03-11,4,0.1
O01829,C0147,P0024,2025-11-06,1,0.1
O01830,C0107,P0086,2025-08-13,3,0.15
O01831,C0072,P0003,2026-05-09,2,0.15
O01832,C0256,P0071,2026-05-23,2,0.2
O01833,C0132,P0090,2025-08-17,3,0.2
O01834,C0078,P0009,2025-01-11,3,0.1
O01835,C0194,P0092,2025-08-05,2,0.2
O01836,C0126,P0043,2025-06-09,4,0.15
O01837,C0469,P0014,2026-05-04,3,0.2
O01838,C0451,P0040,2025-04-16,4,0.0
O01839,C0320,P0007,2025-02-11,4,0.2
O01840,C0008,P0087,2026-04-28,2,0.05
O01841,C0388,P0003,2026-06-20,3,0.15
O01842,C0497,P0037,2026-05-20,2,0.05
O01843,C0044,P0045,2026-06-22,2,0.2
O01844,C0106,P0042,2026-03-07,1,0.15
O01845,C0025,P0028,2026-05-03,1,0.0
O01846,C0438,P0073,2025-01-14,4,0.05
O01847,C0045,P0036,2025-09-20,3,0.05
O01848,C0025,P0092,2025-10-11,1,0.2
O01849,C0095,P0067,2025-07-24,4,0.15
O01850,C0420,P0023,2025-10-04,4,0.0
O01851,C0139,P0082,2025-12-09,2,0.1
O01852,C0253,P0081,2025-11-04,4,0.15
O01853,C0485,P0014,2025-07-28,3,0.0
O01854,C0044,P0049,2025-06-23,3,0.1
O01855,C0133,P0007,2025-01-16,1,0.05
O01856,C0009,P0011,2025-10-29,4,0.15
O01857,C0082,P0004,2025-09-06,4,0.1
O01858,C0403,P0076,2026-01-01,1,0.05
O01859,C0445,P0085,2025-01-14,1,0.0
O01860,C0143,P0043,2026-03-23,3,0.2
O01861,C0188,P0011,2025-12-28,2,0.05
O01862,C0385,P0017,2025-07-11,2,0.1
O01863,C0271,P0092,2025-02-03,3,0.05
O01864,C0302,P0065,2025-02-16,4,0.2
O01865,C0473,P0081,2026-02-09,3,0.15
O01866,C0273,P0013,2025-12-24,3,0.2
O01867,C0428,P0085,2025-05-18,4,0.2
O01868,C0491,P0042,2025-08-21,3,0.2
O01869,C0242,P0038,2025-12-16,2,0.1
O01870,C0374,P0095,2026-04-05,3,0.05
O01871,C0297,P0076,2025-05-01,1,0.1
O01872,C0007,P0084,2025-07-11,4,0.2
O01873,C0014,P0097,2025-12-12,2,0.2
O01874,C0318,P0050,2025-04-17,4,0.1
O01875,C0348,P0013,2026-06-11,4,0.15
O01876,C0047,P0033,2025-10-24,1,0.1
O01877,C0454,P0075,2026-04-24,3,0.0
O01878,C0407,P0090,2025-07-24,3,0.2
O01879,C0382,P0058,2025-04-03,1,0.05
O01880,C0376,P0037,2025-07-18,3,0.15
O01881,C0085,P0093,2026-02-17,3,0.05
O01882,C0338,P0042,2025-08-09,4,0.2
O01883,C0169,P0062,2026-01-23,1,0.0
O01884,C0307,P0029,2025-03-31,3,0.1
O01885,C0408,P0079,2025-03-30,1,0.2
O01886,C0221,P0100,2025-09-09,3,0.05
O01887,C0025,P0031,2026-04-04,3,0.0
O01888,C0499,P0059,2025-11-01,2,0.1
O01889,C0223,P0086,2025-06-17,2,0.2
O01890,C0370,P0095,2025-01-16,2,0.2
O01891,C0495,P0067,2025-11-02,1,0.15
O01892,C0464,P0001,2026-01-19,1,0.05
O01893,C0346,P0087,2025-09-12,1,0.0
O01894,C0257,P0096,2026-04-23,1,0.15
O01895,C0456,P0006,2025-08-26,1,0.05
O01896,C0109,P0079,2025-09-12,2,0.1
O01897,C0480,P0023,2026-05-09,3,0.05
O01898,C0150,P0090,2025-03-23,2,0.2
O01899,C0375,P0031,2026-03-08,3,0.05
O01900,C0444,P0027,2025-08-03,2,0.05
O01901,C0136,P0061,2025-08-20,2,0.15
O01902,C0386,P0050,2025-08-25,4,0.2
O01903,C0119,P0006,2025-02-13,2,0.1
O01904,C0433,P0033,2026-01-13,1,0.1
O01905,C0077,P0039,2026-06-11,1,0.0
O01906,C0373,P0033,2025-06-15,2,0.2
O01907,C0290,P0029,2025-05-10,1,0.1
O01908,C0298,P0029,2025-07-23,1,0.1
O01909,C0355,P0039,2025-12-26,4,0.2
O01910,C0474,P0017,2025-05-31,4,0.1
O01911,C0195,P0013,2026-03-19,3,0.15
O01912,C0382,P0078,2025-06-14,1,0.2
O01913,C0232,P0047,2025-03-30,1,0.15
O01914,C0491,P0024,2025-07-14,3,0.15
O01915,C0268,P0075,2026-01-26,1,0.2
O01916,C0232,P0029,2026-03-24,4,0.2
O01917,C0390,P0080,2025-01-09,3,0.15
O01918,C0167,P0060,2026-04-08,1,0.1
O01919,C0405,P0068,2026-04-09,4,0.1
O01920,C0253,P0095,2025-02-01,2,0.1
O01921,C0474,P0013,2025-04-22,1,0.0
O01922,C0479,P0086,2025-01-10,1,0.05
O01923,C0158,P0081,2025-05-19,1,0.1
O01924,C0169,P0028,2025-03-18,4,0.15
O01925,C0480,P0022,2025-01-26,2,0.0
O01926,C0198,P0087,2025-06-19,2,0.05
O01927,C0141,P0098,2025-04-07,1,0.0
O01928,C0394,P0019,2025-10-17,4,0.15
O01929,C0496,P0034,2026-03-29,2,0.0
O01930,C0431,P0016,2025-06-10,3,0.2
O01931,C0077,P0086,2025-12-15,3,0.15
O01932,C0251,P0018,2026-06-17,2,0.0
O01933,C0167,P0046,2025-12-06,4,0.15
O01934,C0094,P0081,2025-08-21,1,0.05
O01935,C0084,P0042,2026-03-15,3,0.05
O01936,C0406,P0032,2025-04-22,3,0.0
O01937,C0252,P0076,2025-09-12,2,0.15
O01938,C0301,P0042,2025-07-02,2,0.15
O01939,C0330,P0056,2025-01-01,1,0.0
O01940,C0220,P0052,2026-04-13,1,0.1
O01941,C0488,P0100,2025-06-27,4,0.0
O01942,C0147,P0062,2025-08-07,4,0.05
O01943,C0461,P0050,2025-10-09,1,0.0
O01944,C0118,P0049,2025-09-25,1,0.05
O01945,C0434,P0001,2026-03-11,4,0.05
O01946,C0458,P0075,2026-01-16,2,0.1
O01947,C0015,P0038,2025-10-04,3,0.05
O01948,C0076,P0028,2026-03-02,3,0.15
O01949,C0481,P0022,2025-01-25,1,0.0
O01950,C0255,P0005,2025-01-26,4,0.15
O01951,C0002,P0058,2025-10-20,2,0.2
O01952,C0224,P0088,2026-04-05,1,0.0
O01953,C0237,P0079,2025-12-22,1,0.2
O01954,C0361,P0034,2026-05-27,1,0.15
O01955,C0080,P0087,2025-10-04,2,0.05
O01956,C0194,P0004,2025-04-12,2,0.0
O01957,C0343,P0023,2025-01-29,1,0.1
O01958,C0303,P0001,2025-08-20,2,0.05
O01959,C0269,P0022,2025-03-03,3,0.1
O01960,C0493,P0090,2025-08-27,1,0.2
O01961,C0205,P0038,2025-12-31,1,0.05
O01962,C0302,P0073,2025-07-30,3,0.05
O01963,C0300,P0005,2025-05-22,3,0.0
O01964,C0353,P0066,2025-03-18,1,0.0
O01965,C0382,P0089,2025-07-01,3,0.2
O01966,C0387,P0071,2026-01-22,2,0.2
O01967,C0170,P0032,2025-08-19,2,0.0
O01968,C0070,P0027,2025-07-19,2,0.05
O01969,C0070,P0094,2025-10-01,3,0.05
O01970,C0031,P0080,2025-12-05,4,0.15
O01971,C0082,P0025,2025-03-03,1,0.0
O01972,C0428,P0066,2025-08-22,1,0.2
O01973,C0461,P0049,2025-01-05,4,0.15
O01974,C0390,P0023,2025-03-24,4,0.05
O01975,C0009,P0092,2025-11-03,3,0.1
O01976,C0324,P0100,2025-07-24,4,0.05
O01977,C0492,P0092,2025-06-11,2,0.0
O01978,C0025,P0032,2025-07-30,3,0.1
O01979,C0190,P0057,2026-05-25,2,0.0
O01980,C0430,P0025,2025-05-30,2,0.1
O01981,C0479,P0098,2025-02-14,3,0.2
O01982,C0111,P0067,2025-03-06,3,0.0
O01983,C0087,P0036,2025-06-23,1,0.1
O01984,C0383,P0070,2025-10-20,3,0.0
O01985,C0200,P0048,2026-02-25,1,0.0
O01986,C0332,P0007,2026-05-22,4,0.2
O01987,C0055,P0072,2025-01-12,1,0.0
O01988,C0048,P0025,2026-03-10,2,0.1
O01989,C0083,P0063,2025-01-23,1,0.15
O01990,C0304,P0021,2025-08-26,3,0.05
O01991,C0312,P0033,2025-07-13,4,0.05
O01992,C0250,P0037,2026-04-15,3,0.15
O01993,C0278,P0064,2025-10-14,2,0.05
O01994,C0232,P0005,2026-02-20,2,0.15
O01995,C0062,P0077,2026-04-28,3,0.1
O01996,C0353,P0051,2026-05-25,3,0.2
O01997,C0151,P0055,2026-06-03,3,0.0
O01998,C0496,P0029,2026-03-16,2,0.2
O01999,C0002,P0017,2026-05-20,4,0.15
O02000,C0179,P0085,2025-03-03,1,0.05
O02001,C0345,P0003,2025-01-12,4,0.0
O02002,C0408,P0074,2025-08-23,1,0.05
O02003,C0486,P0035,2026-02-10,2,0.1
O02004,C0169,P0087,2026-03-30,1,0.15
O02005,C0185,P0021,2025-06-26,2,0.15
O02006,C0117,P0018,2026-06-18,3,0.0
O02007,C0269,P0036,2026-04-10,2,0.05
O02008,C0132,P0075,2025-06-09,1,0.1
O02009,C0352,P0004,2025-05-31,2,0.2
O02010,C0154,P0039,2025-12-17,4,0.05
O02011,C0062,P0042,2025-12-26,1,0.15
O02012,C0199,P0024,2025-01-18,4,0.05
O02013,C0400,P0043,2026-03-29,1,0.05
O02014,C0245,P0002,2025-04-03,1,0.15
O02015,C0419,P0096,2026-03-28,3,0.0
O02016,C0295,P0012,2026-06-18,4,0.0
O02017,C0442,P0068,2025-11-08,3,0.05
O02018,C0248,P0089,2025-09-01,3,0.05
O02019,C0185,P0099,2026-05-24,2,0.1
O02020,C0092,P0099,2026-01-15,2,0.0
O02021,C0137,P0094,2026-06-04,4,0.0
O02022,C0302,P0003,2025-08-17,1,0.0
O02023,C0276,P0009,2025-05-22,4,0.0
O02024,C0471,P0011,2025-06-19,3,0.0
O02025,C0246,P0009,2026-01-19,4,0.0
O02026,C0297,P0051,2025-07-15,1,0.05
O02027,C0035,P0010,2026-05-31,3,0.2
O02028,C0475,P0058,2025-11-08,3,0.0
O02029,C0399,P0054,2025-04-01,1,0.15
O02030,C0032,P0069,2026-06-25,4,0.15
O02031,C0377,P0089,2025-11-16,3,0.0
O02032,C0067,P0041,2025-05-01,4,0.1
O02033,C0238,P0057,2025-03-12,3,0.1
O02034,C0448,P0005,2025-07-19,3,0.15
O02035,C0089,P0097,2026-05-19,3,0.1
O02036,C0017,P0074,2026-01-25,2,0.05
O02037,C0107,P0037,2026-03-27,1,0.1
O02038,C0404,P0080,2025-10-09,1,0.2
O02039,C0460,P0001,2025-10-27,3,0.15
O02040,C0334,P0004,2025-06-29,4,0.05
O02041,C0048,P0100,2025-01-17,4,0.05
O02042,C0387,P0059,2025-01-04,3,0.15
O02043,C0410,P0088,2025-06-01,1,0.15
O02044,C0400,P0064,2025-01-15,3,0.1
O02045,C0065,P0057,2025-06-05,2,0.15
O02046,C0227,P0026,2026-03-06,1,0.05
O02047,C0412,P0019,2026-04-07,1,0.2
O02048,C0228,P0045,2025-09-06,3,0.1
O02049,C0487,P0080,2025-04-18,4,0.0
O02050,C0443,P0058,2025-07-17,3,0.15
O02051,C0352,P0038,2026-01-21,2,0.05
O02052,C0234,P0040,2025-05-01,2,0.15
O02053,C0362,P0053,2025-06-21,1,0.2
O02054,C0296,P0043,2025-02-02,4,0.2
O02055,C0072,P0098,2025-05-04,3,0.0
O02056,C0492,P0052,2025-09-05,1,0.05
O02057,C0140,P0054,2025-03-01,2,0.15
O02058,C0015,P0027,2025-11-06,4,0.2
O02059,C0211,P0060,2026-03-06,2,0.1
O02060,C0341,P0035,2025-12-20,2,0.1
O02061,C0331,P0039,2025-12-14,1,0.2
O02062,C0223,P0050,2025-10-07,4,0.2
O02063,C0349,P0068,2025-06-13,1,0.0
O02064,C0248,P0008,2025-02-15,1,0.2
O02065,C0213,P0081,2026-02-11,1,0.2
O02066,C0398,P0019,2025-09-30,4,0.2
O02067,C0030,P0042,2026-03-07,2,0.1
O02068,C0265,P0077,2026-03-26,2,0.0
O02069,C0397,P0036,2025-02-17,4,0.1
O02070,C0149,P0079,2025-08-21,4,0.1
O02071,C0034,P0085,2025-10-22,2,0.05
O02072,C0351,P0035,2026-01-17,3,0.2
O02073,C0482,P0010,2025-09-10,3,0.0
O02074,C0114,P0060,2025-08-22,3,0.05
O02075,C0477,P0071,2025-02-25,3,0.05
O02076,C0144,P0077,2025-04-26,2,0.1
O02077,C0194,P0002,2025-04-21,2,0.15
O02078,C0180,P0100,2025-01-30,4,0.2
O02079,C0317,P0027,2025-08-02,1,0.2
O02080,C0125,P0011,2025-09-29,3,0.2
O02081,C0190,P0024,2025-04-11,3,0.0
O02082,C0246,P0065,2025-04-14,2,0.15
O02083,C0398,P0073,2025-05-20,4,0.2
O02084,C0429,P0029,2026-03-29,1,0.0
O02085,C0410,P0021,2026-05-31,1,0.15
O02086,C0140,P0024,2025-03-18,1,0.15
O02087,C0108,P0016,2025-01-17,3,0.05
O02088,C0233,P0091,2025-08-27,3,0.1
O02089,C0486,P0063,2026-05-13,4,0.0
O02090,C0328,P0007,2026-03-02,2,0.1
O02091,C0072,P0036,2025-06-16,1,0.1
O02092,C0023,P0086,2026-05-13,4,0.2
O02093,C0170,P0051,2026-05-18,2,0.05
O02094,C0126,P0040,2025-06-27,4,0.2
O02095,C0438,P0073,2025-12-22,1,0.0
O02096,C0456,P0034,2025-10-08,1,0.05
O02097,C0279,P0060,2025-04-13,2,0.1
O02098,C0099,P0037,2025-10-12,2,0.15
O02099,C0464,P0100,2025-06-24,1,0.15
O02100,C0210,P0012,2026-03-28,2,0.15
O02101,C0241,P0077,2025-04-03,3,0.1
O02102,C0015,P0022,2026-04-02,2,0.0
O02103,C0456,P0023,2026-03-31,2,0.15
O02104,C0120,P0093,2025-06-30,3,0.2
O02105,C0216,P0003,2025-11-01,2,0.1
O02106,C0030,P0001,2025-11-18,4,0.0
O02107,C0038,P0030,2025-07-18,4,0.0
O02108,C0263,P0081,2025-10-20,3,0.1
O02109,C0407,P0100,2026-05-19,3,0.1
O02110,C0195,P0043,2025-12-05,3,0.05
O02111,C0420,P0031,2026-01-04,3,0.15
O02112,C0124,P0061,2025-10-04,3,0.15
O02113,C0444,P0001,2026-03-27,1,0.2
O02114,C0213,P0085,2025-09-09,4,0.2
O02115,C0334,P0084,2025-07-15,4,0.1
O02116,C0470,P0069,2026-06-19,1,0.2
O02117,C0488,P0063,2025-05-26,4,0.05
O02118,C0392,P0075,2025-09-14,4,0.05
O02119,C0045,P0087,2025-12-03,1,0.0
O02120,C0446,P0094,2025-10-22,2,0.1
O02121,C0292,P0080,2025-04-06,1,0.1
O02122,C0198,P0088,2025-11-04,3,0.0
O02123,C0027,P0079,2025-09-11,3,0.0
O02124,C0024,P0036,2025-12-03,1,0.15
O02125,C0383,P0028,2025-05-12,3,0.1
O02126,C0337,P0044,2025-01-01,2,0.0
O02127,C0203,P0058,2026-05-14,2,0.15
O02128,C0485,P0088,2025-01-06,3,0.2
O02129,C0192,P0073,2025-04-28,2,0.15
O02130,C0343,P0085,2025-08-11,2,0.05
O02131,C0390,P0014,2026-03-17,3,0.1
O02132,C0369,P0047,2025-07-26,3,0.1
O02133,C0268,P0023,2026-04-18,3,0.05
O02134,C0265,P0065,2025-06-15,4,0.15
O02135,C0209,P0076,2026-04-29,4,0.0
O02136,C0288,P0018,2026-01-28,3,0.15
O02137,C0284,P0078,2025-04-28,2,0.1
O02138,C0104,P0040,2026-02-21,1,0.1
O02139,C0087,P0023,2025-09-17,2,0.2
O02140,C0020,P0047,2026-03-21,4,0.1
O02141,C0194,P0028,2025-10-18,4,0.0
O02142,C0336,P0055,2025-07-31,1,0.05
O02143,C0003,P0054,2025-07-05,3,0.0
O02144,C0346,P0013,2026-03-28,3,0.0
O02145,C0190,P0021,2025-08-08,2,0.15
O02146,C0006,P0008,2025-04-21,2,0.0
O02147,C0473,P0001,2025-03-19,3,0.05
O02148,C0405,P0057,2025-10-30,4,0.05
O02149,C0353,P0001,2025-01-24,3,0.1
O02150,C0426,P0041,2025-09-19,3,0.2
O02151,C0289,P0091,2025-05-13,4,0.1
O02152,C0499,P0077,2026-02-01,2,0.0
O02153,C0059,P0014,2026-01-03,1,0.0
O02154,C0262,P0091,2025-05-03,2,0.05
O02155,C0258,P0089,2025-09-20,4,0.15
O02156,C0246,P0096,2025-12-10,4,0.15
O02157,C0114,P0030,2025-06-21,3,0.15
O02158,C0487,P0020,2025-06-27,1,0.0
O02159,C0449,P0038,2025-05-21,3,0.15
O02160,C0257,P0034,2025-11-08,4,0.2
O02161,C0134,P0098,2025-03-17,1,0.2
O02162,C0007,P0039,2025-05-13,4,0.05
O02163,C0022,P0057,2025-10-04,1,0.1
O02164,C0253,P0043,2025-02-17,1,0.0
O02165,C0068,P0012,2025-03-21,4,0.0
O02166,C0133,P0053,2025-11-25,3,0.0
O02167,C0500,P0022,2025-12-07,2,0.0
O02168,C0426,P0072,2026-02-16,2,0.05
O02169,C0420,P0084,2025-08-28,1,0.15
O02170,C0124,P0098,2025-07-18,3,0.1
O02171,C0250,P0005,2025-07-01,2,0.15
O02172,C0041,P0003,2026-05-22,4,0.0
O02173,C0011,P0011,2025-03-13,4,0.05
O02174,C0320,P0022,2025-03-16,2,0.05
O02175,C0285,P0050,2025-07-14,4,0.1
O02176,C0409,P0004,2026-04-08,3,0.2
O02177,C0452,P0058,2025-10-23,3,0.1
O02178,C0096,P0044,2025-10-23,4,0.1
O02179,C0061,P0015,2025-02-22,1,0.1
O02180,C0012,P0055,2026-05-02,2,0.0
O02181,C0360,P0027,2025-04-04,1,0.15
O02182,C0474,P0008,2025-04-21,1,0.2
O02183,C0224,P0035,2026-04-24,3,0.1
O02184,C0106,P0039,2026-06-10,1,0.2
O02185,C0179,P0002,2025-10-12,3,0.05
O02186,C0327,P0082,2025-04-27,3,0.05
O02187,C0252,P0017,2025-06-21,1,0.15
O02188,C0050,P0021,2025-10-27,4,0.0
O02189,C0132,P0004,2026-02-28,3,0.0
O02190,C0034,P0083,2026-02-25,2,0.1
O02191,C0458,P0075,2026-06-23,2,0.15
O02192,C0055,P0031,2026-03-07,2,0.2
O02193,C0389,P0049,2025-03-29,2,0.1
O02194,C0104,P0080,2026-01-16,4,0.15
O02195,C0020,P0039,2025-09-29,3,0.0
O02196,C0363,P0001,2025-02-26,1,0.0
O02197,C0432,P0017,2025-06-05,1,0.2
O02198,C0084,P0062,2026-05-01,3,0.05
O02199,C0438,P0092,2025-01-03,3,0.05
O02200,C0412,P0008,2025-06-06,4,0.1
O02201,C0073,P0016,2026-03-31,1,0.2
O02202,C0124,P0008,2025-08-16,2,0.0
O02203,C0287,P0030,2026-06-16,3,0.0
O02204,C0438,P0052,2025-03-12,4,0.1
O02205,C0327,P0091,2025-07-03,4,0.2
O02206,C0179,P0093,2025-11-10,4,0.2
O02207,C0115,P0047,2026-06-24,2,0.05
O02208,C0199,P0059,2026-03-25,1,0.05
O02209,C0458,P0041,2025-06-13,3,0.05
O02210,C0254,P0041,2025-12-21,3,0.2
O02211,C0335,P0083,2025-05-22,2,0.0
O02212,C0260,P0014,2025-09-19,3,0.15
O02213,C0262,P0032,2025-11-19,3,0.05
O02214,C0497,P0059,2025-10-05,1,0.15
O02215,C0151,P0032,2025-12-03,4,0.0
O02216,C0261,P0089,2026-04-16,3,0.15
O02217,C0407,P0058,2026-04-18,3,0.05
O02218,C0022,P0011,2026-05-21,3,0.1
O02219,C0400,P0092,2025-02-09,4,0.1
O02220,C0379,P0099,2025-08-20,4,0.15
O02221,C0445,P0031,2025-04-27,3,0.2
O02222,C0450,P0050,2025-01-27,3,0.1
O02223,C0003,P0001,2026-02-10,4,0.0
O02224,C0127,P0063,2025-02-03,1,0.2
O02225,C0091,P0065,2025-09-12,2,0.15
O02226,C0369,P0032,2026-06-02,4,0.15
O02227,C0424,P0036,2025-04-26,1,0.2
O02228,C0447,P0063,2025-09-05,4,0.1
O02229,C0139,P0069,2025-09-12,1,0.05
O02230,C0102,P0023,2025-03-18,2,0.2
O02231,C0189,P0013,2025-07-07,3,0.1
O02232,C0262,P0012,2026-05-10,4,0.05
O02233,C0145,P0030,2025-08-20,4,0.2
O02234,C0330,P0037,2025-09-03,1,0.2
O02235,C0400,P0090,2025-03-23,3,0.2
O02236,C0114,P0032,2026-01-05,4,0.05
O02237,C0122,P0056,2025-05-09,4,0.15
O02238,C0393,P0017,2026-05-11,3,0.15
O02239,C0485,P0009,2025-03-16,3,0.2
O02240,C0206,P0047,2025-07-11,2,0.0
O02241,C0038,P0087,2026-06-17,3,0.05
O02242,C0396,P0084,2025-03-31,3,0.2
O02243,C0323,P0053,2026-04-20,3,0.0
O02244,C0070,P0052,2025-01-17,4,0.2
O02245,C0162,P0056,2025-10-21,4,0.15
O02246,C0173,P0061,2025-10-22,2,0.0
O02247,C0094,P0050,2026-01-26,1,0.1
O02248,C0087,P0023,2025-10-26,1,0.2
O02249,C0252,P0081,2025-03-23,4,0.15
O02250,C0198,P0095,2025-06-15,3,0.15
O02251,C0245,P0028,2025-06-02,1,0.1
O02252,C0296,P0083,2025-07-19,3,0.15
O02253,C0250,P0077,2026-01-13,1,0.2
O02254,C0145,P0087,2026-06-28,1,0.1
O02255,C0443,P0083,2025-09-15,3,0.15
O02256,C0316,P0068,2026-02-05,3,0.2
O02257,C0102,P0074,2025-07-07,4,0.0
O02258,C0258,P0092,2025-08-21,2,0.1
O02259,C0024,P0036,2025-01-19,2,0.05
O02260,C0039,P0095,2025-11-16,3,0.15
O02261,C0147,P0018,2025-11-23,4,0.15
O02262,C0370,P0085,2025-08-18,1,0.05
O02263,C0224,P0055,2025-06-14,3,0.2
O02264,C0130,P0072,2025-09-18,4,0.15
O02265,C0258,P0063,2025-05-18,1,0.2
O02266,C0459,P0087,2025-11-01,3,0.0
O02267,C0388,P0086,2025-03-27,2,0.05
O02268,C0365,P0098,2025-04-10,2,0.1
O02269,C0343,P0074,2025-11-20,1,0.15
O02270,C0299,P0029,2025-07-13,1,0.2
O02271,C0051,P0073,2025-09-23,2,0.1
O02272,C0136,P0069,2026-06-29,3,0.15
O02273,C0370,P0075,2025-07-23,1,0.15
O02274,C0048,P0071,2025-03-06,3,0.05
O02275,C0079,P0056,2026-06-22,4,0.0
O02276,C0212,P0076,2026-04-09,3,0.2
O02277,C0238,P0087,2025-01-26,1,0.05
O02278,C0282,P0073,2025-01-22,1,0.2
O02279,C0231,P0049,2025-03-05,3,0.05
O02280,C0119,P0099,2026-05-26,3,0.1
O02281,C0405,P0045,2025-04-24,1,0.15
O02282,C0050,P0081,2026-04-08,2,0.1
O02283,C0296,P0053,2025-12-30,2,0.0
O02284,C0338,P0047,2026-06-15,2,0.2
O02285,C0019,P0057,2026-06-24,1,0.1
O02286,C0305,P0048,2025-02-09,3,0.15
O02287,C0394,P0094,2026-01-03,3,0.15
O02288,C0324,P0007,2026-05-15,2,0.15
O02289,C0254,P0017,2025-05-09,4,0.1
O02290,C0139,P0074,2025-08-20,3,0.0
O02291,C0470,P0070,2026-02-23,4,0.15
O02292,C0293,P0067,2025-06-01,3,0.15
O02293,C0423,P0089,2025-06-16,2,0.15
O02294,C0081,P0055,2025-08-22,4,0.2
O02295,C0364,P0087,2025-09-02,2,0.15
O02296,C0223,P0067,2025-03-05,2,0.0
O02297,C0143,P0078,2026-02-18,3,0.05
O02298,C0175,P0076,2026-03-02,2,0.0
O02299,C0398,P0053,2026-04-19,2,0.15
O02300,C0304,P0098,2025-08-11,4,0.1
O02301,C0008,P0066,2025-10-26,3,0.0
O02302,C0141,P0071,2026-04-25,2,0.0
O02303,C0240,P0061,2025-10-07,3,0.0
O02304,C0213,P0037,2025-01-30,4,0.15
O02305,C0495,P0075,2026-04-27,1,0.1
O02306,C0353,P0018,2026-03-25,4,0.15
O02307,C0500,P0069,2026-06-12,1,0.2
O02308,C0152,P0005,2026-05-03,2,0.1
O02309,C0091,P0085,2025-08-11,3,0.2
O02310,C0442,P0048,2026-05-19,1,0.0
O02311,C0405,P0014,2025-08-06,2,0.0
O02312,C0357,P0097,2026-03-18,4,0.0
O02313,C0446,P0018,2025-01-26,1,0.15
O02314,C0250,P0098,2025-12-30,4,0.05
O02315,C0101,P0059,2025-04-09,2,0.15
O02316,C0131,P0082,2025-04-19,4,0.15
O02317,C0154,P0090,2025-06-08,3,0.0
O02318,C0237,P0040,2025-05-01,3,0.05
O02319,C0403,P0019,2025-03-04,3,0.05
O02320,C0472,P0007,2026-06-23,1,0.15
O02321,C0055,P0008,2025-01-08,1,0.15
O02322,C0404,P0052,2025-10-10,3,0.2
O02323,C0453,P0022,2025-07-30,3,0.1
O02324,C0315,P0076,2025-03-29,4,0.2
O02325,C0173,P0030,2025-04-29,4,0.15
O02326,C0405,P0084,2025-11-10,3,0.05
O02327,C0114,P0044,2025-09-01,2,0.1
O02328,C0417,P0007,2025-11-21,4,0.1
O02329,C0371,P0023,2025-01-22,2,0.2
O02330,C0414,P0008,2025-03-19,3,0.1
O02331,C0487,P0097,2026-04-25,2,0.2
O02332,C0472,P0043,2026-03-14,3,0.15
O02333,C0185,P0093,2025-01-01,4,0.2
O02334,C0438,P0063,2025-03-18,1,0.0
O02335,C0193,P0009,2025-03-05,4,0.05
O02336,C0319,P0095,2026-03-18,3,0.0
O02337,C0348,P0097,2025-04-01,4,0.05
O02338,C0328,P0095,2025-03-04,1,0.0
O02339,C0269,P0032,2025-02-03,3,0.05
O02340,C0350,P0034,2026-01-13,2,0.1
O02341,C0240,P0014,2025-12-06,4,0.0
O02342,C0320,P0030,2026-02-17,3,0.05
O02343,C0066,P0031,2026-03-30,2,0.2
O02344,C0133,P0012,2025-11-17,3,0.0
O02345,C0357,P0006,2026-05-22,4,0.05
O02346,C0057,P0066,2026-01-04,1,0.2
O02347,C0048,P0058,2026-03-11,4,0.2
O02348,C0232,P0025,2026-02-22,3,0.15
O02349,C0326,P0064,2025-10-15,2,0.2
O02350,C0400,P0080,2025-11-25,2,0.0
O02351,C0024,P0039,2026-05-06,3,0.15
O02352,C0309,P0069,2026-01-06,3,0.2
O02353,C0226,P0062,2026-06-22,3,0.1
O02354,C0445,P0066,2025-03-23,2,0.05
O02355,C0103,P0034,2026-04-01,1,0.05
O02356,C0343,P0035,2025-10-19,2,0.15
O02357,C0449,P0065,2026-04-21,1,0.2
O02358,C0116,P0069,2025-05-29,4,0.0
O02359,C0035,P0085,2026-02-11,3,0.15
O02360,C0067,P0010,2026-03-01,2,0.2
O02361,C0381,P0080,2025-10-23,3,0.05
O02362,C0215,P0003,2025-12-21,1,0.2
O02363,C0206,P0015,2025-06-17,4,0.0
O02364,C0356,P0079,2025-10-18,2,0.1
O02365,C0184,P0089,2025-11-18,2,0.15
O02366,C0033,P0017,2025-08-23,2,0.2
O02367,C0177,P0040,2025-03-26,2,0.1
O02368,C0283,P0034,2025-01-12,2,0.05
O02369,C0368,P0067,2025-07-04,2,0.05
O02370,C0001,P0034,2026-03-07,1,0.05
O02371,C0336,P0030,2025-05-15,4,0.05
O02372,C0482,P0020,2025-01-18,2,0.0
O02373,C0053,P0039,2025-07-17,2,0.15
O02374,C0308,P0093,2026-03-04,4,0.15
O02375,C0399,P0013,2025-12-20,1,0.1
O02376,C0025,P0085,2026-05-02,3,0.1
O02377,C0418,P0045,2025-04-21,4,0.15
O02378,C0045,P0058,2025-02-27,1,0.15
O02379,C0442,P0035,2025-02-28,1,0.05
O02380,C0078,P0053,2026-05-26,2,0.1
O02381,C0189,P0052,2025-02-28,3,0.05
O02382,C0219,P0064,2025-10-22,4,0.2
O02383,C0141,P0094,2026-02-11,3,0.15
O02384,C0133,P0058,2025-01-20,1,0.05
O02385,C0341,P0007,2025-04-27,2,0.0
O02386,C0133,P0039,2025-10-23,3,0.2
O02387,C0291,P0026,2025-10-29,4,0.1
O02388,C0247,P0016,2025-02-26,3,0.15
O02389,C0044,P0095,2025-09-08,2,0.05
O02390,C0067,P0095,2026-04-22,4,0.0
O02391,C0139,P0074,2025-11-09,3,0.05
O02392,C0062,P0033,2025-06-02,3,0.15
O02393,C0080,P0085,2025-04-23,2,0.1
O02394,C0026,P0010,2025-04-27,1,0.1
O02395,C0376,P0088,2026-05-11,3,0.05
O02396,C0191,P0020,2025-10-04,1,0.0
O02397,C0407,P0083,2025-06-23,3,0.1
O02398,C0356,P0043,2025-11-22,3,0.0
O02399,C0311,P0091,2026-04-26,1,0.05
O02400,C0485,P0088,2026-03-28,4,0.15
O02401,C0048,P0072,2026-02-28,2,0.0
O02402,C0020,P0004,2025-07-11,3,0.05
O02403,C0271,P0040,2026-02-03,2,0.0
O02404,C0368,P0043,2025-01-26,4,0.05
O02405,C0102,P0043,2025-06-23,4,0.0
O02406,C0335,P0055,2025-05-02,2,0.05
O02407,C0399,P0011,2025-01-08,3,0.0
O02408,C0085,P0079,2026-03-09,4,0.1
O02409,C0155,P0053,2025-12-06,3,0.05
O02410,C0455,P0042,2025-06-29,3,0.05
O02411,C0443,P0087,2025-03-07,2,0.05
O02412,C0112,P0011,2025-10-19,1,0.1
O02413,C0484,P0083,2026-01-11,1,0.2
O02414,C0260,P0013,2026-06-03,1,0.1
O02415,C0127,P0069,2025-01-07,3,0.05
O02416,C0382,P0044,2025-02-26,2,0.15
O02417,C0059,P0031,2025-10-18,1,0.1
O02418,C0005,P0004,2025-08-27,2,0.2
O02419,C0387,P0093,2025-09-15,2,0.15
O02420,C0149,P0033,2025-06-10,4,0.0
O02421,C0137,P0100,2026-03-17,1,0.0
O02422,C0353,P0037,2026-02-05,1,0.15
O02423,C0475,P0029,2025-08-13,4,0.0
O02424,C0028,P0077,2026-04-10,2,0.2
O02425,C0276,P0067,2025-11-10,4,0.15
O02426,C0341,P0051,2026-06-04,1,0.2
O02427,C0118,P0070,2025-10-01,1,0.1
O02428,C0362,P0035,2025-12-03,4,0.1
O02429,C0216,P0038,2026-02-18,4,0.2
O02430,C0285,P0064,2026-04-27,2,0.1
O02431,C0322,P0100,2025-10-07,3,0.1
O02432,C0490,P0052,2026-05-13,2,0.15
O02433,C0169,P0047,2026-01-31,4,0.05
O02434,C0436,P0097,2025-11-02,2,0.2
O02435,C0190,P0041,2026-05-30,3,0.05
O02436,C0177,P0063,2025-11-11,4,0.15
O02437,C0310,P0003,2026-04-08,4,0.2
O02438,C0064,P0050,2025-01-28,2,0.05
O02439,C0158,P0006,2025-12-17,1,0.0
O02440,C0384,P0072,2026-05-29,4,0.15
O02441,C0480,P0043,2025-05-30,2,0.1
O02442,C0073,P0039,2026-03-16,1,0.1
O02443,C0040,P0001,2025-11-20,3,0.2
O02444,C0238,P0043,2025-08-06,2,0.1
O02445,C0022,P0094,2025-09-16,3,0.1
O02446,C0251,P0012,2025-10-16,3,0.2
O02447,C0252,P0026,2025-07-30,1,0.1
O02448,C0412,P0011,2025-11-30,3,0.1
O02449,C0291,P0024,2026-06-24,1,0.0
O02450,C0186,P0042,2025-11-19,3,0.15
O02451,C0319,P0067,2026-02-07,4,0.1
O02452,C0376,P0019,2026-03-11,3,0.15
O02453,C0129,P0043,2025-11-05,3,0.15
O02454,C0395,P0009,2026-04-04,1,0.15
O02455,C0205,P0033,2026-04-13,1,0.1
O02456,C0297,P0028,2025-05-31,4,0.1
O02457,C0132,P0036,2025-10-20,2,0.2
O02458,C0423,P0097,2026-04-07,4,0.1
O02459,C0357,P0006,2026-01-16,4,0.05
O02460,C0295,P0016,2026-01-12,2,0.2
O02461,C0324,P0094,2026-04-17,4,0.05
O02462,C0192,P0065,2025-12-22,1,0.1
O02463,C0457,P0001,2026-05-27,3,0.15
O02464,C0402,P0063,2025-02-24,1,0.05
O02465,C0427,P0087,2025-01-23,3,0.05
O02466,C0142,P0010,2025-07-26,4,0.1
O02467,C0027,P0016,2025-12-08,3,0.15
O02468,C0103,P0088,2025-04-08,2,0.05
O02469,C0477,P0060,2026-05-05,1,0.1
O02470,C0330,P0075,2026-06-08,4,0.1
O02471,C0173,P0055,2026-06-11,1,0.2
O02472,C0484,P0035,2026-01-31,3,0.1
O02473,C0076,P0057,2026-01-10,1,0.05
O02474,C0345,P0008,2025-09-15,3,0.1
O02475,C0445,P0038,2025-01-22,4,0.05
O02476,C0261,P0092,2025-07-26,1,0.0
O02477,C0419,P0033,2025-08-31,1,0.15
O02478,C0173,P0074,2025-02-09,1,0.15
O02479,C0144,P0073,2026-06-11,1,0.1
O02480,C0081,P0086,2025-08-12,4,0.15
O02481,C0477,P0006,2026-04-19,4,0.15
O02482,C0027,P0022,2025-01-26,2,0.1
O02483,C0350,P0019,2025-07-18,2,0.2
O02484,C0038,P0065,2025-09-03,4,0.05
O02485,C0127,P0074,2025-06-05,1,0.05
O02486,C0243,P0037,2026-05-03,3,0.0
O02487,C0200,P0064,2025-08-25,3,0.0
O02488,C0469,P0049,2026-03-12,1,0.15
O02489,C0318,P0090,2025-01-12,1,0.05
O02490,C0395,P0095,2026-03-01,2,0.2
O02491,C0120,P0043,2026-06-30,2,0.0
O02492,C0218,P0063,2026-03-16,1,0.15
O02493,C0435,P0018,2026-02-17,1,0.0
O02494,C0079,P0041,2025-08-01,3,0.1
O02495,C0495,P0064,2025-03-04,4,0.1
O02496,C0286,P0004,2025-03-06,1,0.0
O02497,C0232,P0051,2026-04-19,3,0.0
O02498,C0111,P0039,2026-04-04,2,0.1
O02499,C0188,P0047,2025-05-18,2,0.2
O02500,C0226,P0098,2025-05-17,2,0.1
O02501,C0197,P0056,2025-10-29,1,0.15
O02502,C0348,P0074,2025-10-09,4,0.05
O02503,C0464,P0041,2025-05-16,3,0.2
O02504,C0055,P0005,2025-10-13,3,0.2
O02505,C0349,P0017,2025-03-10,1,0.1
O02506,C0253,P0031,2026-01-18,2,0.0
O02507,C0256,P0087,2025-06-03,1,0.0
O02508,C0282,P0002,2025-01-02,3,0.2
O02509,C0452,P0084,2025-09-24,2,0.2
O02510,C0197,P0056,2025-06-19,1,0.0
O02511,C0345,P0011,2025-07-29,1,0.1
O02512,C0142,P0054,2025-02-06,1,0.2
O02513,C0443,P0086,2025-12-11,1,0.0
O02514,C0438,P0035,2026-02-23,2,0.15
O02515,C0034,P0064,2026-01-12,3,0.1
O02516,C0246,P0075,2025-07-29,2,0.15
O02517,C0178,P0028,2025-08-29,2,0.05
O02518,C0015,P0032,2025-06-20,3,0.2
O02519,C0086,P0060,2026-05-05,4,0.2
O02520,C0114,P0075,2026-04-06,3,0.2
O02521,C0211,P0078,2026-05-27,3,0.05
O02522,C0435,P0022,2026-03-20,1,0.1
O02523,C0163,P0056,2025-05-01,2,0.1
O02524,C0330,P0012,2025-06-02,2,0.15
O02525,C0302,P0061,2026-06-21,3,0.15
O02526,C0034,P0067,2025-03-12,4,0.2
O02527,C0478,P0088,2025-06-06,3,0.05
O02528,C0137,P0099,2026-01-24,2,0.1
O02529,C0138,P0080,2026-01-20,4,0.15
O02530,C0129,P0070,2025-07-23,4,0.15
O02531,C0414,P0040,2025-06-25,4,0.2
O02532,C0094,P0089,2025-01-04,3,0.15
O02533,C0054,P0026,2026-03-08,2,0.0
O02534,C0337,P0069,2025-01-10,4,0.1
O02535,C0235,P0019,2025-09-10,3,0.1
O02536,C0106,P0088,2025-03-05,3,0.2
O02537,C0116,P0073,2025-09-22,2,0.15
O02538,C0063,P0035,2026-01-06,2,0.0
O02539,C0129,P0093,2025-05-28,1,0.0
O02540,C0023,P0080,2025-01-19,2,0.15
O02541,C0219,P0038,2025-09-08,3,0.05
O02542,C0375,P0037,2025-11-22,3,0.0
O02543,C0227,P0072,2025-11-11,3,0.2
O02544,C0337,P0067,2025-10-26,1,0.0
O02545,C0416,P0057,2025-02-24,1,0.0
O02546,C0288,P0043,2025-01-12,2,0.0
O02547,C0033,P0012,2025-06-18,3,0.15
O02548,C0066,P0092,2026-03-04,2,0.05
O02549,C0451,P0008,2025-12-17,4,0.1
O02550,C0219,P0066,2025-04-12,1,0.2
O02551,C0069,P0053,2025-08-07,4,0.2
O02552,C0192,P0018,2025-09-12,4,0.1
O02553,C0448,P0029,2026-02-10,3,0.15
O02554,C0410,P0077,2026-04-30,4,0.2
O02555,C0230,P0092,2025-11-27,1,0.2
O02556,C0192,P0067,2026-06-26,1,0.05
O02557,C0139,P0092,2025-07-11,1,0.15
O02558,C0322,P0071,2026-05-14,3,0.15
O02559,C0453,P0028,2026-04-21,1,0.1
O02560,C0095,P0043,2025-02-19,2,0.1
O02561,C0002,P0072,2025-06-10,4,0.05
O02562,C0359,P0064,2025-02-10,2,0.1
O02563,C0116,P0026,2026-04-18,1,0.15
O02564,C0322,P0018,2025-06-10,3,0.0
O02565,C0056,P0032,2025-08-05,3,0.2
O02566,C0019,P0017,2026-03-26,3,0.1
O02567,C0488,P0095,2026-05-31,2,0.1
O02568,C0004,P0036,2025-10-16,1,0.1
O02569,C0199,P0064,2025-08-16,1,0.15
O02570,C0324,P0031,2026-06-13,1,0.2
O02571,C0203,P0081,2025-04-12,1,0.05
O02572,C0089,P0007,2025-12-14,1,0.0
O02573,C0038,P0030,2025-11-05,4,0.0
O02574,C0063,P0051,2026-06-10,3,0.1
O02575,C0208,P0021,2025-05-21,4,0.1
O02576,C0222,P0066,2025-03-02,4,0.05
O02577,C0233,P0056,2026-06-18,4,0.2
O02578,C0016,P0073,2026-03-25,3,0.2
O02579,C0421,P0020,2025-01-31,2,0.05
O02580,C0242,P0024,2025-06-27,4,0.15
O02581,C0089,P0050,2025-06-22,3,0.1
O02582,C0225,P0038,2025-09-19,1,0.0
O02583,C0125,P0095,2026-04-17,4,0.05
O02584,C0063,P0027,2025-05-18,1,0.15
O02585,C0104,P0007,2025-02-24,2,0.2
O02586,C0390,P0093,2025-09-01,3,0.0
O02587,C0497,P0083,2025-07-21,4,0.2
O02588,C0183,P0029,2025-12-25,3,0.05
O02589,C0249,P0074,2026-01-24,3,0.2
O02590,C0012,P0006,2025-03-22,2,0.2
O02591,C0043,P0022,2025-03-17,1,0.05
O02592,C0191,P0084,2026-06-17,2,0.05
O02593,C0084,P0005,2025-07-16,2,0.05
O02594,C0227,P0002,2026-05-18,3,0.15
O02595,C0070,P0040,2025-06-16,1,0.0
O02596,C0133,P0038,2025-01-26,3,0.15
O02597,C0421,P0063,2025-06-18,4,0.0
O02598,C0400,P0001,2025-10-11,2,0.0
O02599,C0348,P0026,2025-05-18,4,0.0
O02600,C0320,P0077,2026-05-21,1,0.05
O02601,C0179,P0070,2026-04-11,2,0.2
O02602,C0492,P0094,2025-08-28,4,0.15
O02603,C0372,P0017,2025-09-11,1,0.15
O02604,C0205,P0047,2025-07-23,3,0.1
O02605,C0255,P0084,2025-08-08,1,0.2
O02606,C0157,P0062,2025-11-01,1,0.2
O02607,C0192,P0091,2026-02-28,2,0.0
O02608,C0035,P0087,2025-05-19,2,0.05
O02609,C0293,P0051,2025-04-10,1,0.0
O02610,C0402,P0012,2025-07-15,1,0.15
O02611,C0444,P0078,2026-02-25,2,0.05
O02612,C0124,P0079,2025-02-01,2,0.15
O02613,C0387,P0049,2026-04-11,3,0.2
O02614,C0345,P0025,2025-07-19,2,0.05
O02615,C0282,P0014,2025-03-14,2,0.2
O02616,C0306,P0067,2025-04-07,2,0.0
O02617,C0056,P0008,2025-07-04,4,0.0
O02618,C0193,P0056,2025-06-21,1,0.05
O02619,C0024,P0026,2026-03-07,2,0.05
O02620,C0122,P0093,2025-05-10,4,0.2
O02621,C0045,P0080,2026-03-11,2,0.1
O02622,C0331,P0082,2025-12-08,1,0.1
O02623,C0146,P0082,2025-01-13,3,0.1
O02624,C0328,P0012,2025-09-28,3,0.0
O02625,C0144,P0068,2025-04-09,3,0.2
O02626,C0408,P0033,2026-04-14,3,0.1
O02627,C0402,P0051,2025-10-18,4,0.05
O02628,C0134,P0041,2026-06-21,3,0.05
O02629,C0252,P0044,2026-02-18,4,0.1
O02630,C0413,P0042,2026-05-20,4,0.15
O02631,C0291,P0092,2026-05-08,1,0.1
O02632,C0173,P0042,2025-03-13,1,0.15
O02633,C0351,P0069,2025-04-25,2,0.0
O02634,C0257,P0020,2025-05-02,2,0.05
O02635,C0302,P0016,2026-02-03,3,0.2
O02636,C0318,P0008,2025-02-05,3,0.1
O02637,C0141,P0014,2026-05-17,1,0.0
O02638,C0362,P0079,2025-04-09,4,0.05
O02639,C0347,P0098,2026-02-02,2,0.15
O02640,C0175,P0026,2025-07-22,2,0.1
O02641,C0429,P0042,2025-11-25,2,0.05
O02642,C0007,P0058,2025-09-05,1,0.2
O02643,C0083,P0016,2025-08-31,2,0.15
O02644,C0226,P0056,2025-03-24,2,0.2
O02645,C0057,P0085,2026-06-17,1,0.2
O02646,C0376,P0011,2026-01-21,3,0.0
O02647,C0491,P0025,2025-03-26,4,0.0
O02648,C0028,P0049,2025-12-21,1,0.15
O02649,C0068,P0041,2025-09-30,1,0.05
O02650,C0327,P0016,2025-04-22,3,0.0
O02651,C0191,P0028,2025-05-19,1,0.05
O02652,C0291,P0055,2026-05-03,1,0.1
O02653,C0256,P0080,2025-11-23,1,0.2
O02654,C0410,P0019,2026-02-21,4,0.05
O02655,C0274,P0036,2025-04-30,3,0.05
O02656,C0190,P0070,2025-01-23,3,0.05
O02657,C0418,P0094,2025-09-04,2,0.2
O02658,C0384,P0026,2025-07-01,4,0.15
O02659,C0479,P0037,2025-11-28,2,0.1
O02660,C0106,P0035,2025-12-28,4,0.05
O02661,C0106,P0043,2026-06-28,1,0.15
O02662,C0292,P0034,2025-11-11,3,0.05
O02663,C0054,P0048,2025-11-15,4,0.1
O02664,C0316,P0067,2025-12-23,3,0.2
O02665,C0223,P0070,2025-04-12,1,0.15
O02666,C0411,P0005,2026-01-07,4,0.15
O02667,C0494,P0012,2025-08-22,1,0.0
O02668,C0469,P0031,2025-11-20,2,0.1
O02669,C0229,P0052,2026-06-10,1,0.05
O02670,C0302,P0004,2026-06-01,4,0.0
O02671,C0483,P0005,2025-11-22,1,0.1
O02672,C0360,P0042,2025-03-06,2,0.15
O02673,C0394,P0065,2026-05-05,4,0.1
O02674,C0043,P0088,2025-08-27,4,0.2
O02675,C0232,P0015,2025-05-28,2,0.1
O02676,C0074,P0040,2025-03-07,3,0.0
O02677,C0412,P0029,2025-09-28,1,0.2
O02678,C0206,P0008,2026-03-01,1,0.0
O02679,C0368,P0068,2025-07-01,2,0.0
O02680,C0379,P0032,2025-08-11,2,0.15
O02681,C0478,P0096,2026-01-08,1,0.15
O02682,C0206,P0086,2025-06-16,3,0.05
O02683,C0076,P0057,2025-03-26,2,0.05
O02684,C0123,P0043,2025-08-08,1,0.05
O02685,C0107,P0088,2025-01-24,4,0.1
O02686,C0301,P0066,2025-04-29,4,0.2
O02687,C0218,P0017,2025-07-14,1,0.0
O02688,C0070,P0040,2025-05-07,2,0.2
O02689,C0255,P0051,2025-12-31,3,0.0
O02690,C0060,P0021,2025-01-23,2,0.15
O02691,C0277,P0046,2026-06-23,3,0.1
O02692,C0400,P0100,2025-10-05,4,0.2
O02693,C0128,P0051,2025-05-24,1,0.0
O02694,C0236,P0088,2025-07-30,4,0.0
O02695,C0063,P0072,2026-01-16,3,0.05
O02696,C0068,P0053,2025-05-29,1,0.0
O02697,C0065,P0028,2026-04-19,3,0.05
O02698,C0130,P0041,2025-07-03,4,0.1
O02699,C0453,P0059,2026-03-23,3,0.05
O02700,C0372,P0054,2025-05-06,1,0.15
O02701,C0310,P0055,2025-09-05,3,0.15
O02702,C0116,P0007,2026-04-16,3,0.05
O02703,C0106,P0008,2025-04-30,2,0.05
O02704,C0379,P0029,2025-10-08,3,0.05
O02705,C0489,P0078,2026-05-20,2,0.0
O02706,C0059,P0018,2026-04-29,3,0.1
O02707,C0053,P0058,2026-01-08,3,0.0
O02708,C0418,P0042,2025-04-20,1,0.15
O02709,C0332,P0033,2025-02-17,2,0.05
O02710,C0111,P0087,2025-06-16,2,0.1
O02711,C0210,P0049,2026-04-08,2,0.15
O02712,C0396,P0059,2026-02-28,3,0.1
O02713,C0162,P0060,2025-12-09,2,0.05
O02714,C0416,P0078,2026-06-24,2,0.05
O02715,C0129,P0028,2025-06-02,2,0.2
O02716,C0465,P0072,2025-08-16,4,0.1
O02717,C0136,P0065,2025-06-11,3,0.15
O02718,C0104,P0069,2026-02-01,3,0.2
O02719,C0143,P0077,2026-05-13,4,0.0
O02720,C0414,P0066,2025-04-01,3,0.2
O02721,C0212,P0035,2025-03-14,3,0.05
O02722,C0023,P0008,2025-02-14,4,0.0
O02723,C0160,P0075,2025-07-02,1,0.2
O02724,C0185,P0028,2025-09-03,3,0.0
O02725,C0188,P0065,2025-06-21,2,0.15
O02726,C0243,P0011,2026-05-11,2,0.15
O02727,C0382,P0064,2025-03-20,3,0.0
O02728,C0143,P0084,2025-06-22,3,0.2
O02729,C0461,P0008,2025-07-14,1,0.15
O02730,C0088,P0028,2025-05-12,1,0.1
O02731,C0099,P0050,2026-03-05,3,0.0
O02732,C0215,P0042,2026-02-11,4,0.2
O02733,C0346,P0001,2025-05-24,2,0.05
O02734,C0247,P0094,2025-03-16,1,0.05
O02735,C0344,P0046,2025-11-16,1,0.2
O02736,C0003,P0071,2025-01-16,2,0.2
O02737,C0110,P0019,2026-04-13,4,0.0
O02738,C0240,P0017,2025-06-10,4,0.15
O02739,C0039,P0099,2026-02-28,1,0.15
O02740,C0389,P0096,2026-06-07,3,0.1
O02741,C0469,P0075,2025-12-12,1,0.0
O02742,C0134,P0048,2025-05-16,4,0.1
O02743,C0151,P0051,2026-05-10,3,0.0
O02744,C0219,P0020,2025-04-06,2,0.05
O02745,C0262,P0064,2025-04-24,3,0.15
O02746,C0037,P0040,2025-09-06,2,0.1
O02747,C0041,P0019,2026-05-17,1,0.2
O02748,C0233,P0024,2025-02-14,2,0.0
O02749,C0379,P0021,2026-06-24,1,0.1
O02750,C0303,P0089,2026-06-17,1,0.2
O02751,C0240,P0056,2026-06-18,4,0.2
O02752,C0166,P0081,2025-06-28,3,0.0
O02753,C0068,P0041,2025-07-09,2,0.1
O02754,C0168,P0023,2025-11-26,3,0.05
O02755,C0025,P0030,2026-04-13,2,0.2
O02756,C0248,P0092,2026-01-23,1,0.1
O02757,C0456,P0020,2025-09-30,4,0.1
O02758,C0030,P0016,2025-06-10,1,0.1
O02759,C0104,P0066,2026-02-13,1,0.05
O02760,C0419,P0022,2026-04-13,1,0.15
O02761,C0016,P0014,2025-01-05,1,0.0
O02762,C0160,P0097,2025-06-16,3,0.05
O02763,C0344,P0089,2026-04-19,4,0.0
O02764,C0103,P0090,2026-01-02,2,0.2
O02765,C0239,P0007,2025-11-13,3,0.2
O02766,C0435,P0016,2025-02-15,1,0.15
O02767,C0297,P0066,2026-04-28,3,0.05
O02768,C0436,P0061,2026-04-19,1,0.1
O02769,C0307,P0036,2025-01-22,1,0.15
O02770,C0273,P0052,2025-01-26,1,0.0
O02771,C0075,P0060,2025-03-01,4,0.05
O02772,C0034,P0062,2025-01-27,2,0.05
O02773,C0190,P0050,2026-04-10,4,0.05
O02774,C0030,P0085,2025-09-28,1,0.0
O02775,C0319,P0064,2025-01-02,2,0.2
O02776,C0380,P0084,2025-04-24,1,0.15
O02777,C0094,P0062,2025-07-19,1,0.2
O02778,C0242,P0063,2026-02-25,3,0.0
O02779,C0147,P0004,2025-01-02,1,0.15
O02780,C0268,P0008,2025-11-08,1,0.0
O02781,C0365,P0030,2026-02-03,2,0.2
O02782,C0402,P0073,2025-01-24,1,0.05
O02783,C0053,P0034,2026-04-23,3,0.1
O02784,C0094,P0075,2025-03-31,1,0.05
O02785,C0029,P0024,2025-12-09,4,0.0
O02786,C0096,P0008,2026-02-14,1,0.1
O02787,C0035,P0055,2025-10-23,3,0.05
O02788,C0344,P0063,2026-01-14,4,0.2
O02789,C0231,P0092,2026-02-13,4,0.2
O02790,C0244,P0030,2026-02-05,1,0.1
O02791,C0351,P0090,2025-02-07,2,0.1
O02792,C0232,P0058,2025-05-22,4,0.05
O02793,C0310,P0090,2025-03-29,3,0.05
O02794,C0025,P0083,2025-10-10,4,0.05
O02795,C0447,P0099,2025-01-31,1,0.05
O02796,C0439,P0013,2025-11-07,3,0.2
O02797,C0440,P0009,2025-10-18,4,0.15
O02798,C0073,P0028,2025-10-19,4,0.05
O02799,C0330,P0092,2025-07-17,1,0.05
O02800,C0261,P0007,2025-09-10,4,0.0
O02801,C0243,P0012,2025-10-05,4,0.15
O02802,C0475,P0059,2025-06-03,4,0.1
O02803,C0115,P0034,2025-09-25,4,0.0
O02804,C0006,P0047,2025-03-27,4,0.05
O02805,C0300,P0096,2026-05-28,4,0.15
O02806,C0318,P0016,2025-01-11,4,0.1
O02807,C0203,P0064,2026-03-09,2,0.0
O02808,C0038,P0022,2026-06-03,2,0.05
O02809,C0474,P0025,2026-06-03,4,0.0
O02810,C0121,P0100,2025-08-26,2,0.0
O02811,C0024,P0054,2026-01-08,1,0.05
O02812,C0375,P0025,2026-04-16,1,0.0
O02813,C0462,P0053,2026-04-05,3,0.2
O02814,C0118,P0017,2025-05-28,2,0.0
O02815,C0400,P0036,2025-09-07,2,0.1
O02816,C0326,P0065,2026-04-16,3,0.0
O02817,C0401,P0030,2025-09-12,2,0.0
O02818,C0031,P0059,2025-05-09,4,0.0
O02819,C0176,P0034,2025-04-05,2,0.2
O02820,C0123,P0030,2026-05-05,3,0.15
O02821,C0427,P0002,2026-04-27,4,0.0
O02822,C0016,P0042,2025-04-02,4,0.1
O02823,C0346,P0053,2025-02-24,4,0.1
O02824,C0122,P0051,2025-09-25,2,0.2
O02825,C0091,P0087,2026-01-19,1,0.05
O02826,C0114,P0018,2025-07-02,3,0.05
O02827,C0155,P0063,2026-06-22,3,0.2
O02828,C0454,P0060,2026-04-28,2,0.1
O02829,C0399,P0046,2026-01-11,1,0.05
O02830,C0500,P0033,2026-05-16,2,0.05
O02831,C0022,P0098,2026-06-17,2,0.15
O02832,C0143,P0044,2026-03-29,2,0.1
O02833,C0162,P0065,2025-12-22,3,0.15
O02834,C0048,P0074,2025-07-08,4,0.0
O02835,C0401,P0011,2025-07-16,1,0.1
O02836,C0269,P0096,2026-01-03,3,0.0
O02837,C0386,P0093,2026-05-13,4,0.1
O02838,C0418,P0035,2025-04-14,3,0.15
O02839,C0495,P0034,2025-08-17,3,0.15
O02840,C0491,P0004,2025-01-09,3,0.15
O02841,C0128,P0002,2026-03-10,3,0.15
O02842,C0061,P0057,2025-08-17,4,0.15
O02843,C0069,P0091,2025-01-25,1,0.15
O02844,C0156,P0096,2025-04-30,2,0.1
O02845,C0263,P0076,2025-02-06,4,0.15
O02846,C0007,P0023,2025-08-17,4,0.0
O02847,C0248,P0017,2025-11-04,2,0.0
O02848,C0132,P0002,2025-12-05,1,0.2
O02849,C0130,P0100,2026-06-28,1,0.0
O02850,C0254,P0054,2025-12-19,2,0.0
O02851,C0105,P0099,2026-06-29,2,0.0
O02852,C0354,P0034,2025-11-29,1,0.1
O02853,C0252,P0068,2025-12-25,3,0.0
O02854,C0167,P0053,2026-04-01,1,0.15
O02855,C0418,P0087,2026-03-31,2,0.0
O02856,C0303,P0100,2025-09-19,3,0.2
O02857,C0045,P0032,2025-12-04,1,0.05
O02858,C0426,P0066,2026-04-02,1,0.15
O02859,C0418,P0056,2026-06-20,3,0.2
O02860,C0234,P0086,2026-05-03,3,0.05
O02861,C0024,P0065,2025-12-24,3,0.05
O02862,C0202,P0031,2025-04-06,1,0.1
O02863,C0144,P0100,2025-02-12,4,0.2
O02864,C0153,P0069,2025-12-23,3,0.0
O02865,C0057,P0099,2026-01-23,4,0.05
O02866,C0297,P0006,2025-09-03,2,0.2
O02867,C0240,P0030,2026-02-04,2,0.0
O02868,C0410,P0054,2025-06-26,2,0.15
O02869,C0067,P0031,2025-07-08,1,0.0
O02870,C0490,P0094,2025-12-11,3,0.2
O02871,C0049,P0067,2026-06-13,1,0.2
O02872,C0359,P0015,2025-07-02,1,0.1
O02873,C0371,P0010,2026-04-19,2,0.2
O02874,C0146,P0018,2025-04-19,4,0.05
O02875,C0171,P0012,2026-04-21,3,0.05
O02876,C0205,P0076,2026-01-14,3,0.05
O02877,C0176,P0023,2026-03-22,4,0.0
O02878,C0074,P0009,2026-04-12,1,0.15
O02879,C0490,P0060,2026-03-03,3,0.0
O02880,C0181,P0046,2026-06-11,3,0.05
O02881,C0002,P0061,2025-02-01,1,0.0
O02882,C0262,P0032,2026-01-02,4,0.1
O02883,C0250,P0069,2025-07-11,1,0.05
O02884,C0095,P0043,2025-04-29,2,0.1
O02885,C0291,P0034,2025-01-05,4,0.2
O02886,C0087,P0093,2025-02-13,2,0.05
O02887,C0406,P0015,2026-03-29,4,0.2
O02888,C0014,P0048,2025-10-22,3,0.15
O02889,C0290,P0004,2026-01-20,1,0.15
O02890,C0223,P0065,2026-06-05,1,0.05
O02891,C0258,P0044,2025-08-12,2,0.2
O02892,C0359,P0009,2025-06-23,4,0.05
O02893,C0381,P0072,2026-01-13,4,0.05
O02894,C0469,P0061,2025-08-16,3,0.0
O02895,C0426,P0098,2026-05-26,1,0.2
O02896,C0317,P0072,2025-01-30,3,0.2
O02897,C0049,P0095,2025-10-31,4,0.2
O02898,C0274,P0097,2025-08-28,2,0.1
O02899,C0343,P0030,2025-02-25,2,0.2
O02900,C0314,P0075,2025-04-07,4,0.2
O02901,C0491,P0096,2026-01-14,3,0.1
O02902,C0356,P0072,2026-01-26,3,0.0
O02903,C0010,P0024,2026-06-15,2,0.0
O02904,C0281,P0061,2026-06-16,4,0.1
O02905,C0392,P0021,2025-10-16,4,0.15
O02906,C0324,P0083,2025-08-24,4,0.05
O02907,C0266,P0050,2026-05-28,1,0.05
O02908,C0437,P0030,2025-03-19,4,0.05
O02909,C0325,P0089,2025-03-18,4,0.1
O02910,C0476,P0056,2025-01-20,2,0.05
O02911,C0136,P0093,2025-08-30,1,0.0
O02912,C0182,P0051,2026-01-29,3,0.2
O02913,C0210,P0044,2025-02-12,4,0.1
O02914,C0241,P0094,2025-03-07,3,0.15
O02915,C0275,P0017,2026-04-20,2,0.15
O02916,C0483,P0067,2025-09-27,1,0.0
O02917,C0329,P0084,2026-04-14,3,0.05
O02918,C0172,P0095,2025-03-01,3,0.0
O02919,C0287,P0004,2025-12-17,4,0.0
O02920,C0496,P0010,2026-02-16,3,0.0
O02921,C0354,P0098,2025-10-11,2,0.15
O02922,C0097,P0083,2026-06-23,2,0.15
O02923,C0199,P0080,2025-01-24,2,0.0
O02924,C0168,P0072,2025-10-12,2,0.2
O02925,C0325,P0079,2025-01-15,2,0.05
O02926,C0174,P0063,2025-05-20,1,0.0
O02927,C0098,P0100,2025-04-08,2,0.1
O02928,C0325,P0030,2026-05-02,1,0.2
O02929,C0395,P0072,2025-12-22,4,0.2
O02930,C0385,P0071,2026-03-10,3,0.05
O02931,C0280,P0049,2025-08-08,4,0.05
O02932,C0319,P0046,2025-01-04,4,0.05
O02933,C0132,P0067,2025-10-20,3,0.2
O02934,C0168,P0078,2026-06-23,1,0.1
O02935,C0391,P0085,2025-03-07,2,0.1
O02936,C0383,P0096,2025-10-21,4,0.2
O02937,C0129,P0001,2025-06-29,2,0.2
O02938,C0264,P0064,2026-05-27,1,0.05
O02939,C0393,P0055,2025-10-26,2,0.1
O02940,C0271,P0050,2026-06-21,2,0.1
O02941,C0500,P0048,2026-05-30,3,0.2
O02942,C0089,P0023,2026-02-06,1,0.0
O02943,C0460,P0091,2025-12-18,3,0.2
O02944,C0357,P0011,2026-04-07,1,0.05
O02945,C0430,P0078,2025-09-17,4,0.05
O02946,C0150,P0090,2025-05-24,3,0.2
O02947,C0389,P0027,2026-03-19,4,0.2
O02948,C0100,P0009,2025-09-17,4,0.2
O02949,C0057,P0073,2025-02-27,1,0.0
O02950,C0380,P0017,2025-01-29,2,0.2
O02951,C0497,P0036,2025-08-08,3,0.2
O02952,C0294,P0025,2026-06-22,3,0.15
O02953,C0344,P0078,2025-03-01,3,0.05
O02954,C0026,P0090,2025-02-22,1,0.05
O02955,C0015,P0052,2025-09-10,1,0.15
O02956,C0328,P0040,2025-04-03,3,0.15
O02957,C0348,P0067,2026-04-27,1,0.2
O02958,C0471,P0087,2026-04-02,3,0.0
O02959,C0325,P0025,2026-03-13,3,0.0
O02960,C0418,P0090,2025-12-07,3,0.2
O02961,C0141,P0069,2026-02-23,4,0.2
O02962,C0287,P0059,2026-03-03,4,0.15
O02963,C0473,P0053,2025-12-24,3,0.1
O02964,C0462,P0069,2025-01-30,1,0.05
O02965,C0422,P0023,2026-04-29,1,0.0
O02966,C0099,P0027,2025-12-06,1,0.15
O02967,C0349,P0084,2025-11-28,3,0.2
O02968,C0109,P0089,2026-05-19,2,0.15
O02969,C0460,P0017,2025-03-20,4,0.2
O02970,C0479,P0035,2025-03-01,3,0.0
O02971,C0228,P0061,2025-10-01,2,0.05
O02972,C0239,P0036,2026-03-12,1,0.15
O02973,C0257,P0099,2025-08-23,4,0.0
O02974,C0118,P0041,2026-04-07,4,0.1
O02975,C0266,P0057,2026-06-21,1,0.1
O02976,C0058,P0051,2025-01-23,2,0.1
O02977,C0270,P0094,2025-12-08,1,0.2
O02978,C0445,P0064,2025-12-21,3,0.05
O02979,C0171,P0012,2025-10-05,1,0.2
O02980,C0249,P0045,2025-12-09,2,0.05
O02981,C0172,P0033,2025-07-12,4,0.0
O02982,C0469,P0001,2025-10-17,4,0.15
O02983,C0303,P0076,2025-07-23,1,0.2
O02984,C0421,P0024,2026-01-31,2,0.0
O02985,C0012,P0074,2025-04-28,2,0.15
O02986,C0363,P0063,2026-03-30,3,0.15
O02987,C0213,P0016,2025-08-07,4,0.0
O02988,C0018,P0038,2025-07-16,4,0.05
O02989,C0022,P0052,2025-08-10,3,0.1
O02990,C0382,P0004,2025-01-26,4,0.2
O02991,C0185,P0041,2025-10-15,4,0.1
O02992,C0492,P0065,2026-04-18,4,0.15
O02993,C0383,P0024,2025-11-19,4,0.15
O02994,C0229,P0049,2025-03-21,2,0.0
O02995,C0134,P0053,2026-01-13,2,0.05
O02996,C0181,P0030,2025-05-01,1,0.15
O02997,C0237,P0069,2025-04-15,2,0.2
O02998,C0059,P0075,2025-03-15,4,0.1
O02999,C0024,P0005,2025-04-14,3,0.05
O03000,C0082,P0084,2026-05-25,4,0.2
O03001,C0228,P0043,2026-01-18,3,0.1
O03002,C0372,P0003,2026-01-30,3,0.0
O03003,C0387,P0032,2026-04-13,3,0.15
O03004,C0262,P0087,2025-04-10,4,0.2
O03005,C0082,P0088,2025-03-20,4,0.1
O03006,C0339,P0069,2026-06-10,2,0.0
O03007,C0355,P0020,2026-06-08,1,0.1
O03008,C0105,P0053,2026-06-03,3,0.05
O03009,C0103,P0012,2025-03-26,4,0.0
O03010,C0169,P0020,2026-05-08,4,0.05
O03011,C0232,P0099,2025-10-30,1,0.15
O03012,C0391,P0013,2026-03-29,3,0.1
O03013,C0257,P0012,2026-03-08,3,0.0
O03014,C0069,P0033,2025-06-05,4,0.2
O03015,C0341,P0093,2025-12-11,2,0.1
O03016,C0025,P0035,2025-06-18,4,0.0
O03017,C0137,P0025,2025-03-17,1,0.2
O03018,C0121,P0080,2025-10-07,2,0.2
O03019,C0125,P0094,2026-01-04,3,0.05
O03020,C0468,P0003,2026-01-10,1,0.2
O03021,C0344,P0025,2025-10-27,4,0.1
O03022,C0260,P0099,2025-12-15,1,0.2
O03023,C0327,P0033,2025-05-31,4,0.1
O03024,C0019,P0079,2025-11-18,3,0.2
O03025,C0486,P0085,2026-04-28,4,0.05
O03026,C0218,P0075,2026-03-11,4,0.1
O03027,C0283,P0052,2026-03-30,3,0.0
O03028,C0218,P0031,2025-10-07,4,0.1
O03029,C0007,P0096,2025-07-09,4,0.05
O03030,C0302,P0058,2025-03-01,2,0.05
O03031,C0001,P0010,2025-07-31,1,0.15
O03032,C0297,P0058,2025-08-24,3,0.05
O03033,C0067,P0070,2025-08-21,2,0.0
O03034,C0408,P0028,2025-02-26,4,0.2
O03035,C0451,P0006,2025-04-27,3,0.05
O03036,C0180,P0059,2026-05-08,3,0.15
O03037,C0328,P0088,2025-03-18,2,0.2
O03038,C0325,P0097,2025-11-28,1,0.0
O03039,C0374,P0020,2025-03-30,4,0.1
O03040,C0337,P0044,2025-11-06,2,0.15
O03041,C0312,P0028,2026-04-30,3,0.2
O03042,C0371,P0024,2025-08-08,3,0.1
O03043,C0226,P0039,2026-01-27,2,0.2
O03044,C0208,P0037,2025-06-10,3,0.05
O03045,C0326,P0063,2025-01-29,1,0.15
O03046,C0063,P0071,2025-08-02,1,0.2
O03047,C0355,P0080,2025-06-21,1,0.2
O03048,C0105,P0022,2025-01-15,4,0.15
O03049,C0159,P0086,2025-11-24,1,0.05
O03050,C0216,P0067,2025-03-14,1,0.1
O03051,C0296,P0050,2025-04-29,3,0.2
O03052,C0122,P0064,2025-01-24,4,0.15
O03053,C0305,P0024,2026-05-16,4,0.05
O03054,C0215,P0028,2026-06-30,4,0.0
O03055,C0060,P0021,2025-01-03,3,0.2
O03056,C0266,P0095,2025-04-01,1,0.15
O03057,C0126,P0024,2025-10-01,4,0.15
O03058,C0242,P0041,2025-08-31,2,0.05
O03059,C0012,P0086,2025-05-26,1,0.0
O03060,C0285,P0064,2025-01-04,2,0.2
O03061,C0111,P0073,2025-04-27,4,0.0
O03062,C0256,P0037,2025-02-27,4,0.0
O03063,C0081,P0092,2025-10-28,2,0.2
O03064,C0098,P0065,2026-03-14,2,0.0
O03065,C0035,P0010,2025-02-12,1,0.15
O03066,C0004,P0049,2025-10-24,1,0.2
O03067,C0294,P0061,2025-04-24,1,0.1
O03068,C0143,P0048,2025-03-31,4,0.1
O03069,C0054,P0090,2026-01-28,2,0.15
O03070,C0420,P0048,2026-01-25,4,0.15
O03071,C0082,P0043,2025-01-10,1,0.1
O03072,C0426,P0009,2025-09-24,1,0.1
O03073,C0428,P0082,2026-03-03,4,0.1
O03074,C0304,P0078,2025-05-22,4,0.2
O03075,C0343,P0003,2025-02-20,2,0.0
O03076,C0049,P0080,2025-10-17,1,0.2
O03077,C0412,P0027,2025-09-26,2,0.0
O03078,C0110,P0049,2025-10-16,4,0.0
O03079,C0124,P0041,2025-06-21,1,0.1
O03080,C0423,P0061,2026-02-23,4,0.0
O03081,C0432,P0028,2026-01-14,4,0.2
O03082,C0146,P0054,2026-05-21,4,0.2
O03083,C0363,P0054,2026-01-16,2,0.15
O03084,C0342,P0053,2025-10-30,3,0.05
O03085,C0299,P0040,2025-08-20,3,0.2
O03086,C0149,P0026,2025-01-11,3,0.15
O03087,C0054,P0058,2025-12-23,3,0.1
O03088,C0329,P0056,2025-09-03,3,0.1
O03089,C0091,P0038,2025-11-26,2,0.05
O03090,C0192,P0084,2026-05-05,4,0.0
O03091,C0189,P0073,2026-03-30,1,0.05
O03092,C0171,P0096,2026-01-21,2,0.0
O03093,C0084,P0084,2026-03-11,3,0.05
O03094,C0111,P0060,2025-07-29,3,0.05
O03095,C0425,P0070,2025-09-03,4,0.05
O03096,C0341,P0049,2025-03-30,2,0.2
O03097,C0034,P0087,2025-02-24,1,0.15
O03098,C0025,P0057,2026-03-17,3,0.0
O03099,C0014,P0080,2025-07-20,3,0.2
O03100,C0435,P0021,2026-03-08,1,0.15
O03101,C0075,P0060,2026-06-20,1,0.0
O03102,C0063,P0021,2025-09-23,4,0.0
O03103,C0013,P0092,2025-04-09,4,0.0
O03104,C0417,P0056,2026-03-24,2,0.2
O03105,C0196,P0022,2026-01-30,3,0.05
O03106,C0360,P0012,2025-08-01,1,0.15
O03107,C0364,P0098,2025-09-24,2,0.2
O03108,C0011,P0086,2025-05-25,2,0.05
O03109,C0002,P0039,2026-03-07,4,0.2
O03110,C0363,P0010,2026-01-02,3,0.0
O03111,C0408,P0065,2025-10-31,4,0.2
O03112,C0377,P0086,2026-02-22,3,0.0
O03113,C0341,P0011,2025-10-27,3,0.05
O03114,C0495,P0040,2025-07-09,4,0.1
O03115,C0322,P0002,2025-05-26,3,0.2
O03116,C0046,P0027,2025-09-15,3,0.0
O03117,C0187,P0009,2025-06-20,3,0.05
O03118,C0026,P0016,2025-08-13,2,0.05
O03119,C0248,P0016,2025-11-24,3,0.0
O03120,C0226,P0039,2025-03-31,4,0.15
O03121,C0261,P0040,2025-02-04,2,0.1
O03122,C0481,P0065,2025-12-16,4,0.05
O03123,C0300,P0096,2025-06-24,4,0.15
O03124,C0332,P0050,2026-06-10,4,0.05
O03125,C0478,P0094,2025-10-26,4,0.15
O03126,C0034,P0081,2026-03-25,1,0.0
O03127,C0460,P0042,2025-05-22,1,0.1
O03128,C0344,P0089,2026-02-01,2,0.1
O03129,C0405,P0065,2025-04-27,2,0.05
O03130,C0364,P0066,2026-05-09,1,0.2
O03131,C0436,P0041,2025-12-26,3,0.2
O03132,C0044,P0041,2025-06-27,2,0.15
O03133,C0139,P0086,2026-06-03,1,0.2
O03134,C0244,P0099,2025-07-19,3,0.0
O03135,C0300,P0093,2026-01-04,3,0.0
O03136,C0484,P0059,2025-01-15,2,0.2
O03137,C0410,P0051,2025-12-26,3,0.1
O03138,C0329,P0070,2025-09-06,3,0.2
O03139,C0319,P0038,2026-05-10,3,0.2
O03140,C0274,P0041,2025-09-04,2,0.2
O03141,C0295,P0058,2026-04-10,2,0.15
O03142,C0331,P0096,2025-08-19,3,0.0
O03143,C0294,P0024,2025-10-09,2,0.0
O03144,C0144,P0086,2026-06-17,3,0.1
O03145,C0146,P0047,2025-06-25,3,0.05
O03146,C0122,P0006,2026-05-16,2,0.1
O03147,C0478,P0058,2026-03-01,1,0.05
O03148,C0148,P0054,2025-03-13,2,0.05
O03149,C0176,P0096,2026-03-24,2,0.2
O03150,C0106,P0074,2025-04-04,3,0.05
O03151,C0454,P0073,2026-01-23,2,0.1
O03152,C0003,P0037,2026-04-20,4,0.1
O03153,C0298,P0046,2025-10-10,3,0.05
O03154,C0002,P0002,2025-06-24,2,0.15
O03155,C0064,P0013,2025-07-23,2,0.1
O03156,C0309,P0074,2025-12-29,4,0.05
O03157,C0076,P0082,2025-07-24,2,0.05
O03158,C0241,P0081,2026-04-10,1,0.15
O03159,C0114,P0069,2026-05-30,1,0.05
O03160,C0342,P0048,2025-01-14,3,0.05
O03161,C0492,P0090,2025-06-24,2,0.0
O03162,C0495,P0055,2025-03-26,4,0.05
O03163,C0164,P0058,2025-02-22,3,0.2
O03164,C0144,P0095,2025-09-19,2,0.15
O03165,C0113,P0013,2025-07-11,4,0.05
O03166,C0490,P0037,2026-05-21,2,0.0
O03167,C0045,P0003,2025-06-17,3,0.1
O03168,C0102,P0039,2026-01-26,1,0.2
O03169,C0205,P0066,2025-02-25,3,0.1
O03170,C0217,P0019,2025-08-20,1,0.2
O03171,C0166,P0007,2025-09-02,3,0.05
O03172,C0053,P0034,2026-04-28,4,0.2
O03173,C0022,P0084,2025-05-08,4,0.0
O03174,C0255,P0010,2026-03-09,1,0.0
O03175,C0383,P0071,2025-01-04,4,0.1
O03176,C0206,P0012,2026-06-23,3,0.2
O03177,C0271,P0049,2025-04-29,3,0.2
O03178,C0270,P0038,2025-12-25,4,0.05
O03179,C0306,P0015,2025-02-01,1,0.05
O03180,C0075,P0008,2025-05-15,3,0.15
O03181,C0242,P0066,2026-05-31,4,0.05
O03182,C0447,P0100,2025-09-22,3,0.1
O03183,C0158,P0052,2026-06-07,2,0.1
O03184,C0369,P0061,2026-06-27,3,0.2
O03185,C0463,P0095,2026-05-02,2,0.1
O03186,C0188,P0008,2026-05-18,3,0.0
O03187,C0283,P0016,2026-05-11,1,0.0
O03188,C0384,P0039,2026-01-15,3,0.2
O03189,C0029,P0025,2026-02-08,4,0.0
O03190,C0400,P0060,2025-11-27,4,0.1
O03191,C0078,P0073,2025-11-18,3,0.1
O03192,C0248,P0016,2025-02-25,3,0.1
O03193,C0264,P0044,2025-12-27,4,0.2
O03194,C0345,P0035,2026-04-09,3,0.2
O03195,C0327,P0046,2025-06-09,1,0.2
O03196,C0224,P0095,2026-06-23,1,0.0
O03197,C0302,P0087,2026-03-12,4,0.2
O03198,C0465,P0063,2026-02-14,2,0.0
O03199,C0197,P0090,2025-01-27,4,0.05
O03200,C0102,P0058,2025-12-30,4,0.2
O03201,C0377,P0095,2025-08-25,3,0.1
O03202,C0295,P0065,2025-07-12,2,0.2
O03203,C0301,P0072,2025-08-25,3,0.1
O03204,C0420,P0075,2025-11-12,4,0.1
O03205,C0327,P0040,2026-02-23,3,0.0
O03206,C0500,P0082,2026-06-20,1,0.2
O03207,C0125,P0039,2025-06-05,3,0.0
O03208,C0375,P0073,2025-07-24,2,0.2
O03209,C0236,P0077,2025-11-05,3,0.05
O03210,C0376,P0075,2025-07-24,4,0.05
O03211,C0285,P0004,2026-05-31,4,0.15
O03212,C0358,P0093,2025-08-13,1,0.05
O03213,C0101,P0019,2025-05-31,3,0.1
O03214,C0415,P0055,2026-01-13,2,0.2
O03215,C0499,P0091,2026-01-09,3,0.0
O03216,C0136,P0094,2026-04-17,1,0.0
O03217,C0087,P0083,2025-08-02,4,0.1
O03218,C0159,P0007,2025-02-01,3,0.0
O03219,C0460,P0039,2026-02-04,2,0.05
O03220,C0225,P0016,2025-07-24,1,0.0
O03221,C0037,P0036,2025-05-07,2,0.15
O03222,C0486,P0058,2025-10-10,2,0.2
O03223,C0250,P0093,2025-08-11,1,0.2
O03224,C0447,P0070,2025-11-08,3,0.15
O03225,C0153,P0082,2025-07-09,2,0.05
O03226,C0440,P0050,2025-12-18,2,0.15
O03227,C0390,P0034,2025-11-29,2,0.1
O03228,C0298,P0096,2025-03-07,1,0.05
O03229,C0370,P0028,2025-05-12,4,0.15
O03230,C0143,P0095,2025-04-19,4,0.15
O03231,C0117,P0064,2025-04-26,2,0.05
O03232,C0071,P0018,2026-03-20,4,0.0
O03233,C0322,P0095,2025-09-30,3,0.2
O03234,C0180,P0079,2025-10-20,1,0.2
O03235,C0431,P0011,2025-02-11,3,0.0
O03236,C0304,P0069,2026-06-18,3,0.2
O03237,C0249,P0097,2025-04-13,4,0.15
O03238,C0100,P0035,2026-04-23,2,0.1
O03239,C0407,P0033,2026-06-27,3,0.15
O03240,C0150,P0022,2026-02-18,4,0.05
O03241,C0430,P0076,2025-06-13,3,0.1
O03242,C0039,P0053,2025-04-16,4,0.15
O03243,C0094,P0086,2025-09-29,1,0.0
O03244,C0139,P0049,2026-02-14,1,0.2
O03245,C0102,P0092,2025-04-25,1,0.15
O03246,C0268,P0033,2025-05-31,1,0.1
O03247,C0263,P0085,2026-03-18,3,0.15
O03248,C0174,P0089,2026-06-24,3,0.0
O03249,C0041,P0058,2025-02-03,1,0.1
O03250,C0188,P0084,2026-06-19,3,0.15
O03251,C0308,P0095,2025-10-09,1,0.05
O03252,C0320,P0080,2025-12-17,4,0.1
O03253,C0456,P0001,2025-03-12,1,0.05
O03254,C0485,P0026,2025-01-31,4,0.15
O03255,C0472,P0058,2026-01-19,1,0.0
O03256,C0349,P0094,2025-03-29,3,0.1
O03257,C0484,P0051,2025-03-13,3,0.2
O03258,C0071,P0097,2025-02-23,4,0.2
O03259,C0338,P0027,2026-02-15,2,0.2
O03260,C0417,P0086,2025-07-14,4,0.1
O03261,C0162,P0074,2026-03-03,3,0.2
O03262,C0219,P0011,2025-12-29,1,0.1
O03263,C0235,P0042,2025-07-22,4,0.15
O03264,C0440,P0034,2025-10-08,3,0.2
O03265,C0054,P0054,2026-01-29,1,0.15
O03266,C0403,P0009,2026-01-23,4,0.2
O03267,C0296,P0006,2026-01-19,4,0.15
O03268,C0499,P0045,2026-03-21,1,0.1
O03269,C0259,P0077,2025-07-12,2,0.05
O03270,C0284,P0081,2025-12-09,2,0.2
O03271,C0404,P0050,2025-01-03,3,0.05
O03272,C0466,P0011,2025-07-14,2,0.0
O03273,C0479,P0074,2025-03-10,2,0.2
O03274,C0253,P0098,2025-10-06,3,0.05
O03275,C0215,P0080,2026-01-20,2,0.0
O03276,C0027,P0060,2025-12-28,3,0.0
O03277,C0181,P0028,2025-11-22,2,0.05
O03278,C0094,P0050,2025-12-17,4,0.0
O03279,C0407,P0056,2025-07-11,4,0.05
O03280,C0453,P0039,2025-08-05,2,0.15
O03281,C0373,P0023,2025-08-18,2,0.1
O03282,C0328,P0095,2025-07-06,3,0.15
O03283,C0459,P0003,2025-10-19,2,0.0
O03284,C0097,P0052,2026-04-06,2,0.1
O03285,C0080,P0099,2026-04-23,2,0.1
O03286,C0286,P0051,2025-02-04,1,0.0
O03287,C0176,P0075,2025-03-17,3,0.0
O03288,C0256,P0028,2026-02-26,2,0.05
O03289,C0249,P0015,2025-07-26,4,0.2
O03290,C0459,P0006,2026-01-04,2,0.2
O03291,C0156,P0053,2025-09-10,4,0.15
O03292,C0003,P0065,2025-09-04,3,0.15
O03293,C0350,P0082,2025-03-02,4,0.15
O03294,C0394,P0063,2025-04-14,4,0.0
O03295,C0190,P0084,2026-03-18,1,0.15
O03296,C0457,P0019,2025-07-07,3,0.05
O03297,C0442,P0030,2026-03-09,2,0.15
O03298,C0331,P0066,2025-09-10,3,0.0
O03299,C0428,P0091,2026-06-17,1,0.0
O03300,C0441,P0033,2025-02-12,3,0.0
O03301,C0076,P0055,2025-03-14,2,0.1
O03302,C0122,P0022,2025-04-12,2,0.2
O03303,C0306,P0010,2026-03-31,1,0.2
O03304,C0081,P0029,2025-03-10,1,0.0
O03305,C0494,P0007,2025-02-15,1,0.0
O03306,C0374,P0062,2025-11-10,4,0.0
O03307,C0483,P0039,2025-09-07,1,0.0
O03308,C0216,P0011,2025-01-31,1,0.15
O03309,C0214,P0032,2026-02-14,3,0.05
O03310,C0205,P0004,2026-01-29,4,0.15
O03311,C0279,P0047,2025-01-11,2,0.2
O03312,C0397,P0075,2025-04-18,4,0.2
O03313,C0446,P0057,2026-02-19,1,0.0
O03314,C0500,P0003,2025-08-05,3,0.0
O03315,C0035,P0021,2025-04-01,4,0.1
O03316,C0015,P0028,2025-12-18,3,0.15
O03317,C0168,P0014,2026-06-20,1,0.2
O03318,C0276,P0094,2026-05-18,4,0.05
O03319,C0101,P0055,2025-03-17,1,0.1
O03320,C0139,P0063,2025-06-10,2,0.0
O03321,C0447,P0023,2026-05-06,3,0.15
O03322,C0253,P0083,2025-02-26,2,0.2
O03323,C0346,P0039,2025-11-29,4,0.05
O03324,C0012,P0054,2025-01-27,3,0.15
O03325,C0445,P0041,2026-02-15,2,0.1
O03326,C0218,P0082,2025-09-15,2,0.05
O03327,C0076,P0079,2025-02-23,3,0.05
O03328,C0233,P0091,2026-04-19,4,0.0
O03329,C0268,P0075,2025-05-08,1,0.0
O03330,C0214,P0048,2025-07-02,3,0.05
O03331,C0153,P0060,2025-09-18,3,0.15
O03332,C0360,P0077,2025-10-10,1,0.1
O03333,C0210,P0072,2025-02-10,3,0.1
O03334,C0196,P0044,2025-06-15,1,0.0
O03335,C0144,P0086,2025-08-04,4,0.15
O03336,C0214,P0096,2026-03-11,4,0.2
O03337,C0268,P0071,2026-06-10,2,0.15
O03338,C0211,P0069,2025-09-13,1,0.0
O03339,C0113,P0063,2025-04-23,4,0.1
O03340,C0447,P0011,2026-06-12,4,0.05
O03341,C0211,P0070,2025-12-18,1,0.2
O03342,C0266,P0027,2026-04-04,1,0.1
O03343,C0097,P0010,2025-07-23,4,0.2
O03344,C0208,P0017,2025-03-18,1,0.1
O03345,C0073,P0047,2025-09-17,2,0.1
O03346,C0003,P0093,2025-01-04,1,0.05
O03347,C0317,P0054,2025-03-19,2,0.1
O03348,C0294,P0010,2026-03-26,1,0.2
O03349,C0083,P0012,2025-11-18,4,0.2
O03350,C0144,P0023,2026-01-24,4,0.15
O03351,C0332,P0086,2026-01-21,2,0.05
O03352,C0151,P0022,2025-07-15,2,0.1
O03353,C0160,P0078,2026-06-24,3,0.0
O03354,C0080,P0031,2025-12-15,1,0.05
O03355,C0159,P0080,2026-02-27,4,0.1
O03356,C0071,P0030,2025-02-24,2,0.2
O03357,C0453,P0100,2025-01-07,4,0.15
O03358,C0397,P0051,2026-01-29,3,0.0
O03359,C0314,P0052,2026-02-15,1,0.05
O03360,C0121,P0042,2025-11-10,2,0.05
O03361,C0195,P0051,2025-05-15,1,0.0
O03362,C0091,P0062,2025-11-03,3,0.2
O03363,C0438,P0017,2025-04-28,1,0.1
O03364,C0141,P0010,2025-03-21,1,0.0
O03365,C0283,P0023,2025-11-20,1,0.15
O03366,C0480,P0002,2026-01-09,2,0.0
O03367,C0043,P0039,2026-05-19,2,0.15
O03368,C0212,P0022,2025-05-06,4,0.1
O03369,C0352,P0092,2025-10-16,4,0.1
O03370,C0227,P0014,2025-03-05,3,0.1
O03371,C0136,P0083,2025-12-09,4,0.15
O03372,C0166,P0032,2025-09-16,4,0.15
O03373,C0230,P0015,2025-01-18,2,0.1
O03374,C0292,P0046,2025-02-04,4,0.1
O03375,C0153,P0021,2026-03-28,4,0.05
O03376,C0325,P0074,2025-07-25,4,0.15
O03377,C0297,P0066,2025-11-16,1,0.15
O03378,C0095,P0032,2026-03-26,2,0.15
O03379,C0398,P0051,2025-11-07,3,0.0
O03380,C0223,P0062,2026-02-05,2,0.2
O03381,C0171,P0081,2025-04-17,3,0.0
O03382,C0410,P0036,2025-07-14,1,0.0
O03383,C0077,P0072,2025-05-26,3,0.15
O03384,C0500,P0042,2026-01-27,1,0.2
O03385,C0023,P0051,2025-10-21,1,0.1
O03386,C0160,P0084,2025-01-12,1,0.2
O03387,C0054,P0075,2025-11-10,1,0.15
O03388,C0145,P0087,2026-06-15,3,0.0
O03389,C0388,P0072,2026-06-16,2,0.2
O03390,C0202,P0097,2025-12-28,3,0.05
O03391,C0091,P0039,2025-01-11,3,0.05
O03392,C0072,P0057,2025-01-05,3,0.15
O03393,C0223,P0041,2025-05-05,1,0.15
O03394,C0403,P0074,2025-05-06,1,0.1
O03395,C0443,P0032,2025-08-14,3,0.1
O03396,C0251,P0002,2025-03-24,4,0.15
O03397,C0371,P0080,2025-07-03,3,0.2
O03398,C0247,P0091,2026-06-13,3,0.1
O03399,C0032,P0046,2025-03-18,1,0.05
O03400,C0002,P0070,2025-06-25,4,0.0
O03401,C0345,P0082,2025-08-07,3,0.2
O03402,C0094,P0026,2026-01-07,3,0.15
O03403,C0205,P0075,2025-10-30,2,0.05
O03404,C0192,P0048,2025-09-19,4,0.0
O03405,C0475,P0076,2026-05-03,4,0.1
O03406,C0407,P0050,2026-05-09,2,0.05
O03407,C0393,P0093,2025-07-23,3,0.15
O03408,C0404,P0007,2025-08-15,1,0.15
O03409,C0456,P0092,2025-10-18,2,0.15
O03410,C0332,P0056,2025-09-12,1,0.05
O03411,C0046,P0024,2025-11-21,3,0.1
O03412,C0499,P0039,2026-04-13,3,0.0
O03413,C0276,P0026,2026-05-19,2,0.15
O03414,C0164,P0043,2026-02-20,1,0.15
O03415,C0189,P0029,2025-05-29,2,0.05
O03416,C0054,P0010,2025-05-03,2,0.05
O03417,C0345,P0030,2025-10-30,4,0.05
O03418,C0416,P0045,2026-04-06,2,0.1
O03419,C0298,P0094,2025-12-10,3,0.1
O03420,C0132,P0050,2026-04-19,1,0.0
O03421,C0044,P0088,2026-02-22,3,0.1
O03422,C0421,P0055,2025-06-30,2,0.05
O03423,C0424,P0024,2025-06-19,1,0.2
O03424,C0236,P0088,2025-01-27,3,0.0
O03425,C0061,P0078,2025-09-03,2,0.05
O03426,C0106,P0030,2026-03-06,3,0.1
O03427,C0115,P0050,2025-09-05,1,0.05
O03428,C0199,P0067,2026-06-13,3,0.2
O03429,C0457,P0072,2026-02-04,2,0.2
O03430,C0407,P0013,2025-10-01,2,0.0
O03431,C0387,P0076,2025-07-31,1,0.15
O03432,C0419,P0041,2025-11-27,2,0.05
O03433,C0355,P0007,2025-10-02,3,0.0
O03434,C0257,P0010,2025-01-17,3,0.1
O03435,C0038,P0052,2025-11-11,4,0.2
O03436,C0092,P0050,2026-06-20,2,0.15
O03437,C0149,P0069,2025-05-17,3,0.0
O03438,C0012,P0074,2026-06-30,1,0.1
O03439,C0359,P0087,2025-08-10,3,0.0
O03440,C0118,P0032,2026-02-24,3,0.05
O03441,C0193,P0092,2025-10-24,3,0.15
O03442,C0245,P0030,2026-01-24,4,0.0
O03443,C0073,P0021,2026-01-17,3,0.0
O03444,C0378,P0029,2026-03-13,3,0.15
O03445,C0007,P0045,2025-06-19,3,0.15
O03446,C0083,P0079,2026-05-19,1,0.2
O03447,C0297,P0010,2025-07-27,2,0.05
O03448,C0071,P0078,2025-07-29,4,0.1
O03449,C0225,P0075,2026-02-01,1,0.05
O03450,C0329,P0014,2025-04-17,4,0.0
O03451,C0260,P0028,2025-07-29,2,0.0
O03452,C0309,P0090,2026-04-26,3,0.15
O03453,C0040,P0034,2025-12-01,3,0.2
O03454,C0239,P0091,2025-05-04,3,0.05
O03455,C0093,P0060,2025-08-19,3,0.05
O03456,C0206,P0088,2026-03-20,4,0.0
O03457,C0490,P0010,2026-06-03,1,0.2
O03458,C0394,P0022,2025-03-27,4,0.1
O03459,C0439,P0005,2026-02-06,4,0.0
O03460,C0076,P0013,2026-06-19,1,0.1
O03461,C0384,P0036,2026-06-30,4,0.1
O03462,C0149,P0004,2025-06-18,1,0.15
O03463,C0059,P0016,2025-10-08,4,0.0
O03464,C0011,P0047,2025-08-27,2,0.0
O03465,C0301,P0047,2025-06-06,2,0.1
O03466,C0066,P0057,2025-05-15,4,0.0
O03467,C0406,P0099,2025-07-13,2,0.15
O03468,C0272,P0032,2025-08-07,4,0.0
O03469,C0262,P0022,2026-03-01,3,0.0
O03470,C0317,P0019,2026-06-14,3,0.0
O03471,C0290,P0054,2026-04-03,3,0.2
O03472,C0093,P0074,2026-04-01,3,0.15
O03473,C0309,P0078,2025-12-30,4,0.2
O03474,C0220,P0054,2025-10-14,1,0.1
O03475,C0206,P0070,2026-06-15,1,0.05
O03476,C0278,P0008,2025-08-18,4,0.2
O03477,C0470,P0009,2025-12-21,3,0.05
O03478,C0023,P0020,2026-04-21,2,0.0
O03479,C0077,P0085,2025-10-04,1,0.2
O03480,C0362,P0040,2025-01-28,1,0.1
O03481,C0438,P0038,2025-01-20,1,0.15
O03482,C0249,P0046,2026-03-09,3,0.15
O03483,C0066,P0100,2025-07-23,4,0.1
O03484,C0475,P0022,2025-04-06,3,0.2
O03485,C0235,P0010,2026-01-07,1,0.0
O03486,C0421,P0094,2025-03-25,2,0.1
O03487,C0080,P0039,2025-08-15,2,0.0
O03488,C0392,P0052,2025-08-10,3,0.05
O03489,C0028,P0014,2026-02-09,3,0.2
O03490,C0375,P0099,2026-01-30,2,0.2
O03491,C0290,P0098,2025-08-10,2,0.0
O03492,C0499,P0018,2025-03-04,4,0.1
O03493,C0385,P0094,2025-01-17,1,0.15
O03494,C0332,P0062,2025-12-21,1,0.0
O03495,C0073,P0037,2026-02-20,1,0.0
O03496,C0470,P0006,2025-12-27,1,0.0
O03497,C0256,P0056,2025-03-02,3,0.15
O03498,C0111,P0016,2025-12-24,1,0.1
O03499,C0352,P0092,2025-04-12,4,0.15
O03500,C0318,P0085,2025-03-26,1,0.05
O03501,C0339,P0032,2026-02-10,1,0.2
O03502,C0044,P0025,2025-09-17,1,0.05
O03503,C0454,P0066,2025-03-03,1,0.05
O03504,C0304,P0088,2026-01-21,2,0.15
O03505,C0107,P0051,2025-05-17,3,0.2
O03506,C0216,P0093,2026-01-12,3,0.1
O03507,C0500,P0013,2025-07-07,1,0.2
O03508,C0139,P0043,2025-07-16,1,0.2
O03509,C0305,P0046,2026-03-17,4,0.1
O03510,C0091,P0005,2025-01-26,2,0.1
O03511,C0389,P0081,2025-01-31,3,0.0
O03512,C0033,P0018,2026-04-07,3,0.05
O03513,C0026,P0071,2025-08-03,2,0.0
O03514,C0315,P0023,2025-06-06,3,0.05
O03515,C0391,P0072,2025-10-20,2,0.15
O03516,C0373,P0092,2026-02-18,2,0.0
O03517,C0433,P0051,2025-11-19,3,0.05
O03518,C0221,P0045,2026-06-28,4,0.05
O03519,C0484,P0037,2025-02-08,4,0.15
O03520,C0487,P0025,2026-05-01,2,0.2
O03521,C0348,P0068,2025-07-15,4,0.1
O03522,C0336,P0012,2025-08-16,3,0.1
O03523,C0166,P0055,2025-05-06,3,0.0
O03524,C0292,P0002,2025-09-16,3,0.0
O03525,C0448,P0025,2026-04-27,4,0.05
O03526,C0369,P0077,2025-08-02,4,0.15
O03527,C0358,P0075,2025-08-30,1,0.15
O03528,C0085,P0013,2026-04-23,1,0.2
O03529,C0172,P0027,2026-04-28,4,0.15
O03530,C0265,P0098,2026-01-02,2,0.0
O03531,C0085,P0021,2025-08-05,1,0.2
O03532,C0011,P0020,2026-06-26,2,0.05
O03533,C0291,P0027,2025-08-01,1,0.2
O03534,C0462,P0034,2026-03-04,3,0.1
O03535,C0394,P0016,2025-08-01,4,0.05
O03536,C0488,P0020,2026-02-22,2,0.2
O03537,C0343,P0061,2025-03-28,1,0.15
O03538,C0304,P0032,2026-04-14,1,0.0
O03539,C0441,P0070,2025-04-22,3,0.1
O03540,C0376,P0064,2025-02-13,3,0.1
O03541,C0445,P0015,2025-08-07,3,0.0
O03542,C0442,P0010,2025-08-04,2,0.0
O03543,C0025,P0056,2025-08-16,1,0.2
O03544,C0047,P0006,2025-05-01,2,0.1
O03545,C0381,P0022,2025-09-27,2,0.0
O03546,C0144,P0056,2026-05-16,3,0.1
O03547,C0408,P0031,2025-08-19,1,0.05
O03548,C0355,P0090,2025-08-04,3,0.0
O03549,C0284,P0083,2025-09-09,1,0.1
O03550,C0281,P0029,2025-09-27,4,0.0
O03551,C0466,P0081,2025-06-16,3,0.05
O03552,C0062,P0054,2025-09-16,2,0.15
O03553,C0405,P0047,2026-02-03,4,0.15
O03554,C0281,P0093,2025-07-27,4,0.1
O03555,C0249,P0071,2025-09-08,2,0.1
O03556,C0270,P0049,2026-01-10,4,0.1
O03557,C0356,P0070,2026-06-22,1,0.0
O03558,C0048,P0060,2026-02-13,2,0.05
O03559,C0117,P0056,2025-08-26,3,0.1
O03560,C0372,P0053,2025-03-29,2,0.15
O03561,C0344,P0088,2025-12-17,2,0.1
O03562,C0020,P0016,2026-01-23,2,0.2
O03563,C0238,P0096,2026-02-05,3,0.15
O03564,C0050,P0076,2025-07-11,1,0.05
O03565,C0142,P0081,2025-11-22,2,0.1
O03566,C0298,P0043,2026-05-01,1,0.0
O03567,C0332,P0070,2026-04-24,1,0.15
O03568,C0004,P0035,2026-01-08,3,0.0
O03569,C0445,P0061,2025-05-06,3,0.2
O03570,C0104,P0053,2025-03-29,4,0.2
O03571,C0212,P0045,2025-05-05,1,0.2
O03572,C0237,P0045,2025-05-22,2,0.2
O03573,C0485,P0043,2026-03-12,3,0.0
O03574,C0376,P0002,2025-05-08,1,0.05
O03575,C0429,P0055,2025-05-07,1,0.15
O03576,C0254,P0022,2025-01-15,1,0.1
O03577,C0133,P0075,2026-05-13,4,0.2
O03578,C0474,P0014,2025-03-03,2,0.1
O03579,C0316,P0069,2025-04-23,1,0.2
O03580,C0155,P0037,2025-04-17,2,0.1
O03581,C0267,P0054,2026-04-25,3,0.05
O03582,C0268,P0073,2025-08-05,4,0.1
O03583,C0192,P0023,2025-07-15,2,0.15
O03584,C0299,P0092,2026-02-04,4,0.1
O03585,C0220,P0029,2026-03-29,2,0.05
O03586,C0112,P0017,2025-01-27,2,0.0
O03587,C0459,P0070,2025-11-12,3,0.1
O03588,C0338,P0100,2025-05-13,1,0.0
O03589,C0406,P0058,2025-02-15,1,0.15
O03590,C0025,P0074,2026-03-27,1,0.2
O03591,C0040,P0054,2025-07-16,1,0.2
O03592,C0442,P0060,2025-11-24,1,0.1
O03593,C0309,P0049,2025-10-24,3,0.05
O03594,C0496,P0007,2025-10-15,3,0.1
O03595,C0017,P0028,2026-04-15,3,0.05
O03596,C0203,P0044,2025-02-06,1,0.05
O03597,C0128,P0013,2025-05-29,1,0.2
O03598,C0309,P0054,2025-06-17,2,0.15
O03599,C0119,P0041,2026-03-03,3,0.05
O03600,C0267,P0031,2026-01-15,4,0.1
O03601,C0435,P0080,2026-02-26,1,0.0
O03602,C0178,P0019,2025-11-18,3,0.15
O03603,C0035,P0052,2025-07-27,3,0.2
O03604,C0202,P0060,2026-02-09,4,0.0
O03605,C0169,P0071,2026-01-05,1,0.1
O03606,C0252,P0001,2025-09-26,2,0.05
O03607,C0128,P0003,2025-03-05,2,0.0
O03608,C0433,P0047,2025-01-01,4,0.05
O03609,C0431,P0057,2025-05-01,4,0.05
O03610,C0142,P0094,2025-03-10,1,0.1
O03611,C0344,P0048,2026-01-22,3,0.2
O03612,C0203,P0013,2025-10-26,4,0.2
O03613,C0373,P0023,2025-01-30,1,0.05
O03614,C0251,P0040,2026-03-14,4,0.0
O03615,C0098,P0018,2025-10-15,1,0.0
O03616,C0071,P0005,2025-01-26,2,0.2
O03617,C0466,P0055,2025-02-28,1,0.1
O03618,C0460,P0055,2025-12-20,2,0.0
O03619,C0200,P0021,2026-06-22,3,0.0
O03620,C0276,P0050,2025-04-18,1,0.2
O03621,C0342,P0036,2025-04-09,4,0.1
O03622,C0231,P0007,2025-10-29,3,0.15
O03623,C0409,P0019,2025-10-07,3,0.15
O03624,C0056,P0058,2025-11-01,4,0.05
O03625,C0104,P0079,2025-06-13,2,0.2
O03626,C0206,P0030,2026-04-13,1,0.05
O03627,C0496,P0013,2026-04-30,2,0.15
O03628,C0403,P0063,2026-03-27,2,0.15
O03629,C0176,P0005,2025-07-27,3,0.2
O03630,C0354,P0014,2025-10-02,3,0.0
O03631,C0393,P0025,2025-08-02,4,0.15
O03632,C0346,P0004,2026-02-11,2,0.0
O03633,C0001,P0009,2025-12-28,4,0.05
O03634,C0334,P0071,2025-11-20,1,0.1
O03635,C0162,P0076,2025-01-29,1,0.2
O03636,C0115,P0053,2025-05-05,3,0.1
O03637,C0277,P0098,2025-03-20,4,0.2
O03638,C0110,P0057,2026-02-13,2,0.2
O03639,C0152,P0049,2025-04-25,3,0.05
O03640,C0033,P0051,2025-11-11,4,0.15
O03641,C0149,P0034,2025-06-23,4,0.0
O03642,C0397,P0054,2026-01-16,1,0.1
O03643,C0015,P0066,2026-02-19,4,0.15
O03644,C0210,P0071,2026-06-30,1,0.0
O03645,C0359,P0003,2025-11-08,2,0.2
O03646,C0015,P0077,2025-06-17,4,0.2
O03647,C0420,P0030,2025-03-14,3,0.1
O03648,C0137,P0076,2025-06-04,4,0.05
O03649,C0363,P0083,2025-05-22,1,0.0
O03650,C0121,P0008,2025-01-03,2,0.1
O03651,C0234,P0026,2026-04-16,4,0.0
O03652,C0019,P0009,2025-04-01,2,0.15
O03653,C0428,P0095,2025-01-08,4,0.15
O03654,C0310,P0033,2025-12-31,4,0.0
O03655,C0103,P0081,2026-04-01,4,0.0
O03656,C0490,P0006,2025-05-03,1,0.2
O03657,C0079,P0059,2025-01-10,3,0.0
O03658,C0467,P0092,2026-03-31,1,0.15
O03659,C0037,P0090,2026-06-14,4,0.1
O03660,C0120,P0058,2026-06-15,1,0.05
O03661,C0432,P0024,2026-01-18,4,0.2
O03662,C0097,P0062,2026-03-19,1,0.15
O03663,C0497,P0082,2026-06-30,2,0.2
O03664,C0133,P0077,2026-06-15,1,0.0
O03665,C0352,P0081,2025-07-15,2,0.15
O03666,C0344,P0019,2026-06-15,2,0.15
O03667,C0131,P0019,2025-02-14,2,0.05
O03668,C0039,P0002,2026-05-10,3,0.2
O03669,C0285,P0063,2026-03-20,4,0.2
O03670,C0399,P0030,2025-04-08,4,0.0
O03671,C0054,P0023,2025-10-12,3,0.0
O03672,C0274,P0068,2025-08-26,3,0.1
O03673,C0397,P0001,2025-04-05,2,0.1
O03674,C0244,P0060,2026-01-19,4,0.15
O03675,C0157,P0014,2025-12-17,1,0.0
O03676,C0144,P0063,2025-02-25,4,0.1
O03677,C0029,P0069,2026-03-22,4,0.15
O03678,C0204,P0083,2026-06-30,2,0.2
O03679,C0482,P0082,2026-06-13,4,0.0
O03680,C0341,P0073,2026-05-19,3,0.15
O03681,C0297,P0019,2026-04-23,3,0.0
O03682,C0411,P0018,2026-02-02,1,0.0
O03683,C0255,P0017,2025-06-18,3,0.05
O03684,C0094,P0021,2026-01-24,2,0.05
O03685,C0377,P0041,2026-05-30,1,0.2
O03686,C0184,P0006,2025-09-22,4,0.2
O03687,C0117,P0079,2025-03-05,2,0.2
O03688,C0335,P0081,2025-09-09,3,0.0
O03689,C0436,P0077,2025-07-16,3,0.15
O03690,C0117,P0087,2026-06-10,3,0.1
O03691,C0309,P0066,2025-10-11,2,0.15
O03692,C0372,P0060,2025-04-17,1,0.15
O03693,C0259,P0071,2025-02-10,1,0.15
O03694,C0164,P0062,2025-09-26,3,0.0
O03695,C0199,P0069,2025-12-17,2,0.05
O03696,C0123,P0090,2025-03-24,1,0.2
O03697,C0180,P0018,2025-09-03,3,0.2
O03698,C0095,P0079,2025-02-25,3,0.0
O03699,C0195,P0047,2026-04-03,3,0.05
O03700,C0044,P0065,2025-03-10,2,0.05
O03701,C0164,P0066,2025-03-29,1,0.0
O03702,C0144,P0067,2025-02-16,2,0.15
O03703,C0342,P0021,2025-06-28,3,0.05
O03704,C0477,P0055,2026-03-30,4,0.15
O03705,C0395,P0025,2026-01-21,4,0.1
O03706,C0352,P0063,2026-05-11,4,0.15
O03707,C0350,P0035,2025-09-17,3,0.2
O03708,C0074,P0015,2025-09-12,2,0.05
O03709,C0419,P0021,2026-06-28,3,0.05
O03710,C0029,P0044,2025-08-31,2,0.2
O03711,C0051,P0058,2026-02-27,1,0.1
O03712,C0339,P0055,2025-10-11,4,0.1
O03713,C0271,P0072,2026-01-28,2,0.05
O03714,C0226,P0073,2025-05-12,1,0.15
O03715,C0447,P0070,2026-04-14,3,0.05
O03716,C0453,P0079,2026-01-28,4,0.1
O03717,C0190,P0081,2026-05-16,4,0.0
O03718,C0253,P0092,2025-02-04,4,0.2
O03719,C0362,P0075,2025-07-23,2,0.1
O03720,C0371,P0066,2025-05-13,4,0.15
O03721,C0105,P0090,2025-08-16,2,0.05
O03722,C0163,P0031,2025-12-28,2,0.05
O03723,C0183,P0044,2026-02-27,1,0.2
O03724,C0293,P0025,2025-09-11,1,0.2
O03725,C0022,P0100,2025-11-22,3,0.05
O03726,C0267,P0025,2026-06-14,4,0.05
O03727,C0455,P0085,2025-10-05,4,0.1
O03728,C0289,P0083,2026-03-24,2,0.0
O03729,C0309,P0008,2025-05-17,4,0.0
O03730,C0003,P0092,2025-06-20,2,0.0
O03731,C0118,P0070,2026-01-03,4,0.2
O03732,C0227,P0080,2025-12-25,2,0.2
O03733,C0207,P0012,2025-10-11,2,0.1
O03734,C0308,P0034,2026-06-13,4,0.15
O03735,C0450,P0032,2025-05-27,4,0.0
O03736,C0382,P0072,2025-01-13,2,0.1
O03737,C0233,P0012,2025-10-17,2,0.0
O03738,C0490,P0031,2026-06-17,3,0.0
O03739,C0358,P0010,2025-09-27,3,0.1
O03740,C0022,P0047,2026-06-20,4,0.15
O03741,C0140,P0040,2025-02-12,4,0.2
O03742,C0257,P0034,2025-09-14,4,0.15
O03743,C0408,P0032,2025-05-27,3,0.2
O03744,C0188,P0003,2026-03-27,1,0.2
O03745,C0207,P0031,2026-03-29,3,0.2
O03746,C0470,P0027,2026-04-25,3,0.15
O03747,C0243,P0081,2025-01-23,3,0.2
O03748,C0086,P0083,2025-09-13,1,0.0
O03749,C0415,P0018,2025-08-16,1,0.1
O03750,C0365,P0012,2026-04-15,4,0.1
O03751,C0182,P0100,2026-05-01,3,0.15
O03752,C0205,P0072,2025-02-27,2,0.15
O03753,C0313,P0039,2025-12-03,4,0.2
O03754,C0478,P0046,2026-01-03,2,0.1
O03755,C0196,P0018,2025-05-23,1,0.0
O03756,C0404,P0095,2026-01-20,3,0.2
O03757,C0134,P0093,2026-03-16,4,0.1
O03758,C0051,P0035,2025-03-04,2,0.15
O03759,C0378,P0038,2025-09-05,1,0.15
O03760,C0446,P0096,2025-11-18,3,0.15
O03761,C0165,P0051,2026-03-09,4,0.2
O03762,C0117,P0028,2026-03-30,1,0.1
O03763,C0460,P0061,2026-03-13,4,0.1
O03764,C0094,P0098,2025-02-12,3,0.05
O03765,C0077,P0021,2026-05-28,1,0.0
O03766,C0426,P0059,2025-07-13,1,0.05
O03767,C0305,P0054,2025-06-05,1,0.2
O03768,C0220,P0094,2025-10-19,3,0.15
O03769,C0193,P0085,2025-07-21,1,0.05
O03770,C0408,P0060,2025-01-08,3,0.2
O03771,C0245,P0090,2026-06-21,1,0.1
O03772,C0031,P0002,2025-11-18,1,0.05
O03773,C0296,P0082,2025-01-11,2,0.2
O03774,C0347,P0016,2026-01-16,4,0.15
O03775,C0382,P0026,2026-01-30,1,0.2
O03776,C0213,P0023,2025-04-20,2,0.05
O03777,C0119,P0044,2025-03-16,2,0.1
O03778,C0219,P0015,2025-03-11,1,0.05
O03779,C0164,P0020,2025-09-19,2,0.1
O03780,C0369,P0058,2026-01-02,1,0.2
O03781,C0255,P0056,2025-08-03,1,0.2
O03782,C0413,P0060,2025-08-09,2,0.05
O03783,C0120,P0071,2026-04-09,4,0.1
O03784,C0360,P0017,2025-04-04,4,0.15
O03785,C0438,P0100,2025-11-11,2,0.0
O03786,C0046,P0041,2025-05-07,3,0.1
O03787,C0084,P0042,2026-01-28,3,0.1
O03788,C0176,P0005,2026-05-23,3,0.15
O03789,C0370,P0004,2025-12-20,3,0.2
O03790,C0433,P0034,2025-03-08,4,0.05
O03791,C0498,P0008,2025-05-17,4,0.2
O03792,C0035,P0056,2025-03-27,4,0.0
O03793,C0473,P0087,2025-05-07,2,0.2
O03794,C0326,P0005,2026-06-29,3,0.1
O03795,C0169,P0062,2025-05-28,2,0.2
O03796,C0413,P0041,2025-03-28,4,0.15
O03797,C0092,P0053,2025-10-23,1,0.05
O03798,C0005,P0079,2025-09-20,4,0.2
O03799,C0198,P0073,2025-05-05,3,0.2
O03800,C0229,P0052,2025-08-02,1,0.05
O03801,C0098,P0026,2025-12-17,4,0.0
O03802,C0294,P0033,2026-04-01,4,0.15
O03803,C0292,P0072,2025-02-26,3,0.2
O03804,C0386,P0065,2025-01-01,4,0.05
O03805,C0163,P0074,2026-03-25,1,0.2
O03806,C0221,P0087,2025-03-13,1,0.15
O03807,C0241,P0038,2026-02-19,2,0.2
O03808,C0288,P0032,2025-10-16,4,0.2
O03809,C0184,P0038,2025-10-23,3,0.15
O03810,C0262,P0006,2026-06-23,2,0.2
O03811,C0166,P0048,2026-05-13,4,0.2
O03812,C0269,P0078,2025-12-17,4,0.2
O03813,C0437,P0084,2025-07-06,3,0.05
O03814,C0421,P0027,2026-06-14,1,0.05
O03815,C0329,P0004,2025-06-18,1,0.2
O03816,C0009,P0076,2025-12-06,4,0.0
O03817,C0243,P0081,2026-02-16,1,0.0
O03818,C0201,P0001,2025-07-14,4,0.0
O03819,C0072,P0012,2025-05-30,3,0.15
O03820,C0300,P0057,2025-01-16,3,0.15
O03821,C0266,P0017,2025-04-07,3,0.1
O03822,C0230,P0043,2026-05-29,4,0.1
O03823,C0264,P0081,2025-03-13,4,0.1
O03824,C0114,P0052,2025-06-29,2,0.0
O03825,C0335,P0065,2025-04-07,4,0.1
O03826,C0253,P0063,2026-04-10,2,0.15
O03827,C0158,P0048,2025-05-05,3,0.1
O03828,C0485,P0060,2025-10-10,1,0.2
O03829,C0336,P0034,2026-06-29,2,0.15
O03830,C0253,P0044,2025-11-03,3,0.15
O03831,C0140,P0080,2025-10-14,3,0.15
O03832,C0430,P0017,2026-06-25,4,0.05
O03833,C0376,P0076,2026-06-17,1,0.05
O03834,C0259,P0073,2026-02-19,3,0.1
O03835,C0455,P0016,2026-03-14,4,0.0
O03836,C0257,P0067,2026-05-01,4,0.2
O03837,C0268,P0050,2025-10-05,4,0.0
O03838,C0425,P0019,2026-01-15,3,0.2
O03839,C0267,P0034,2026-05-04,1,0.05
O03840,C0464,P0002,2025-08-15,3,0.2
O03841,C0135,P0031,2025-02-02,4,0.2
O03842,C0409,P0032,2025-06-06,4,0.0
O03843,C0493,P0043,2025-11-12,2,0.05
O03844,C0419,P0038,2025-02-01,3,0.1
O03845,C0208,P0022,2026-04-06,4,0.0
O03846,C0114,P0045,2025-08-30,4,0.15
O03847,C0150,P0055,2025-12-18,4,0.0
O03848,C0436,P0033,2025-10-23,4,0.2
O03849,C0046,P0077,2025-07-03,3,0.1
O03850,C0226,P0099,2026-04-08,2,0.2
O03851,C0208,P0091,2026-05-31,3,0.0
O03852,C0006,P0082,2025-05-10,2,0.15
O03853,C0094,P0033,2025-08-01,1,0.15
O03854,C0419,P0038,2025-07-21,4,0.2
O03855,C0489,P0042,2025-10-08,4,0.15
O03856,C0473,P0079,2025-04-14,3,0.15
O03857,C0416,P0008,2025-04-28,4,0.15
O03858,C0158,P0020,2025-04-23,4,0.05
O03859,C0015,P0042,2025-07-21,3,0.2
O03860,C0261,P0030,2025-07-08,3,0.05
O03861,C0153,P0054,2025-06-08,3,0.1
O03862,C0055,P0095,2025-02-17,4,0.2
O03863,C0005,P0037,2025-02-07,1,0.0
O03864,C0030,P0061,2025-11-17,2,0.2
O03865,C0147,P0067,2026-05-04,1,0.15
O03866,C0150,P0058,2025-03-08,1,0.15
O03867,C0131,P0028,2025-08-30,4,0.05
O03868,C0150,P0043,2025-09-22,3,0.2
O03869,C0486,P0069,2026-05-12,3,0.1
O03870,C0126,P0010,2025-06-28,1,0.1
O03871,C0019,P0084,2025-09-13,2,0.1
O03872,C0436,P0070,2025-01-28,2,0.05
O03873,C0486,P0041,2026-03-17,1,0.05
O03874,C0036,P0022,2026-05-01,3,0.1
O03875,C0197,P0069,2025-01-16,2,0.1
O03876,C0125,P0002,2026-02-04,3,0.1
O03877,C0365,P0013,2025-10-29,1,0.1
O03878,C0360,P0005,2026-04-30,1,0.0
O03879,C0011,P0039,2026-06-18,4,0.2
O03880,C0074,P0029,2026-02-11,1,0.2
O03881,C0472,P0050,2025-02-12,4,0.15
O03882,C0298,P0009,2025-09-21,1,0.1
O03883,C0014,P0052,2025-07-28,3,0.2
O03884,C0426,P0086,2025-12-10,1,0.2
O03885,C0477,P0067,2025-06-16,4,0.2
O03886,C0371,P0057,2025-08-04,2,0.05
O03887,C0095,P0089,2025-10-20,4,0.1
O03888,C0167,P0037,2025-08-26,4,0.2
O03889,C0358,P0079,2025-04-24,1,0.1
O03890,C0447,P0089,2025-02-16,4,0.2
O03891,C0378,P0069,2025-07-20,2,0.0
O03892,C0301,P0089,2025-12-20,4,0.0
O03893,C0082,P0040,2025-03-13,1,0.2
O03894,C0050,P0088,2025-03-10,4,0.1
O03895,C0002,P0085,2025-02-24,3,0.05
O03896,C0061,P0042,2025-07-07,3,0.15
O03897,C0285,P0072,2026-01-04,2,0.0
O03898,C0467,P0014,2026-01-04,2,0.05
O03899,C0016,P0080,2026-01-23,1,0.2
O03900,C0265,P0095,2025-06-03,2,0.2
O03901,C0278,P0001,2025-10-15,2,0.15
O03902,C0334,P0027,2026-05-14,3,0.0
O03903,C0474,P0087,2026-06-02,3,0.15
O03904,C0024,P0063,2026-05-07,3,0.1
O03905,C0090,P0037,2026-06-20,1,0.1
O03906,C0471,P0065,2025-04-21,3,0.1
O03907,C0435,P0037,2025-12-31,2,0.15
O03908,C0044,P0099,2026-03-24,3,0.15
O03909,C0183,P0003,2025-11-06,4,0.15
O03910,C0203,P0022,2025-06-01,2,0.1
O03911,C0328,P0073,2025-11-06,2,0.0
O03912,C0239,P0099,2025-11-07,2,0.15
O03913,C0049,P0083,2026-05-10,3,0.15
O03914,C0028,P0059,2025-08-26,2,0.1
O03915,C0430,P0057,2026-02-13,4,0.1
O03916,C0497,P0091,2025-05-13,1,0.05
O03917,C0343,P0015,2025-06-13,1,0.0
O03918,C0250,P0010,2025-05-29,4,0.15
O03919,C0107,P0006,2025-12-02,4,0.0
O03920,C0295,P0042,2026-03-18,3,0.1
O03921,C0499,P0025,2026-06-22,4,0.1
O03922,C0230,P0059,2025-05-11,1,0.15
O03923,C0062,P0076,2025-10-14,1,0.05
O03924,C0074,P0032,2025-03-05,2,0.2
O03925,C0319,P0091,2025-06-02,1,0.05
O03926,C0463,P0030,2025-07-12,4,0.15
O03927,C0030,P0038,2025-12-04,3,0.1
O03928,C0066,P0002,2026-04-29,3,0.05
O03929,C0368,P0079,2025-12-20,4,0.1
O03930,C0338,P0016,2025-09-13,1,0.0
O03931,C0225,P0038,2025-06-11,3,0.1
O03932,C0450,P0079,2026-02-25,2,0.05
O03933,C0110,P0036,2025-02-02,2,0.2
O03934,C0486,P0076,2025-02-28,4,0.0
O03935,C0261,P0069,2025-08-29,4,0.1
O03936,C0207,P0036,2026-06-30,3,0.2
O03937,C0484,P0028,2025-06-17,1,0.15
O03938,C0447,P0061,2025-06-11,4,0.15
O03939,C0119,P0048,2025-12-23,1,0.15
O03940,C0154,P0069,2026-01-04,3,0.2
O03941,C0031,P0015,2025-09-15,4,0.0
O03942,C0436,P0097,2025-12-02,3,0.0
O03943,C0482,P0058,2025-09-06,3,0.15
O03944,C0193,P0067,2026-05-15,1,0.2
O03945,C0045,P0032,2025-02-12,4,0.15
O03946,C0194,P0084,2025-09-22,3,0.05
O03947,C0296,P0055,2026-01-21,4,0.15
O03948,C0404,P0020,2025-12-09,1,0.0
O03949,C0329,P0016,2026-04-13,4,0.15
O03950,C0399,P0014,2025-01-23,1,0.15
O03951,C0024,P0062,2025-08-20,1,0.1
O03952,C0268,P0057,2026-01-07,3,0.15
O03953,C0050,P0077,2025-07-11,3,0.2
O03954,C0069,P0079,2025-09-11,4,0.1
O03955,C0047,P0043,2025-09-01,2,0.1
O03956,C0437,P0016,2025-02-14,4,0.15
O03957,C0158,P0001,2025-12-23,4,0.05
O03958,C0130,P0054,2026-05-19,2,0.05
O03959,C0209,P0028,2025-03-21,2,0.15
O03960,C0042,P0023,2025-02-13,4,0.1
O03961,C0360,P0075,2026-03-06,2,0.0
O03962,C0097,P0094,2025-10-06,3,0.1
O03963,C0478,P0038,2025-07-05,1,0.05
O03964,C0179,P0021,2025-12-05,1,0.2
O03965,C0122,P0075,2026-05-28,3,0.05
O03966,C0496,P0083,2026-01-28,1,0.05
O03967,C0266,P0082,2026-02-04,1,0.0
O03968,C0041,P0093,2025-02-18,2,0.15
O03969,C0017,P0031,2025-04-02,3,0.15
O03970,C0269,P0094,2026-04-26,1,0.1
O03971,C0365,P0001,2026-01-22,2,0.05
O03972,C0074,P0046,2026-04-01,1,0.15
O03973,C0159,P0066,2025-10-29,3,0.0
O03974,C0418,P0027,2026-06-20,1,0.15
O03975,C0282,P0085,2025-07-11,3,0.05
O03976,C0150,P0075,2026-05-30,1,0.1
O03977,C0458,P0099,2025-09-27,4,0.2
O03978,C0083,P0097,2025-12-07,2,0.15
O03979,C0025,P0015,2026-01-09,2,0.2
O03980,C0005,P0068,2026-04-19,4,0.15
O03981,C0128,P0033,2026-06-30,1,0.0
O03982,C0086,P0063,2025-06-05,4,0.15
O03983,C0057,P0080,2026-01-29,3,0.2
O03984,C0058,P0036,2025-01-05,3,0.0
O03985,C0058,P0028,2026-01-11,4,0.1
O03986,C0321,P0045,2026-06-06,3,0.05
O03987,C0330,P0014,2025-06-02,3,0.0
O03988,C0471,P0055,2026-04-18,4,0.05
O03989,C0196,P0058,2026-05-22,1,0.05
O03990,C0457,P0031,2025-12-23,3,0.2
O03991,C0222,P0082,2025-01-28,1,0.15
O03992,C0178,P0037,2026-04-11,3,0.05
O03993,C0484,P0062,2026-06-20,1,0.05
O03994,C0480,P0064,2026-02-04,3,0.0
O03995,C0034,P0090,2025-11-01,4,0.1
O03996,C0469,P0012,2026-03-22,1,0.0
O03997,C0462,P0095,2026-05-05,3,0.0
O03998,C0142,P0059,2025-04-16,4,0.1
O03999,C0461,P0074,2025-06-12,2,0.0
O04000,C0097,P0045,2025-06-18,4,0.2
O04001,C0402,P0021,2026-04-06,1,0.05
O04002,C0249,P0094,2025-09-26,2,0.0
O04003,C0339,P0045,2025-12-09,2,0.2
O04004,C0367,P0027,2026-01-13,3,0.05
O04005,C0212,P0065,2025-02-19,3,0.2
O04006,C0013,P0020,2025-07-06,3,0.05
O04007,C0216,P0039,2026-06-16,1,0.1
O04008,C0452,P0069,2025-03-31,4,0.2
O04009,C0272,P0072,2026-04-19,1,0.1
O04010,C0088,P0021,2026-05-31,4,0.0
O04011,C0435,P0017,2025-11-25,2,0.15
O04012,C0418,P0018,2026-05-10,4,0.1
O04013,C0414,P0007,2026-02-27,2,0.05
O04014,C0242,P0006,2025-08-04,4,0.2
O04015,C0297,P0037,2025-08-29,3,0.15
O04016,C0178,P0009,2026-05-14,2,0.15
O04017,C0120,P0087,2025-01-01,2,0.15
O04018,C0415,P0017,2025-11-20,4,0.1
O04019,C0066,P0076,2026-06-08,1,0.05
O04020,C0064,P0056,2025-08-25,4,0.15
O04021,C0028,P0028,2025-04-09,1,0.0
O04022,C0022,P0023,2026-04-13,1,0.1
O04023,C0211,P0024,2025-10-02,1,0.15
O04024,C0017,P0066,2026-03-29,1,0.15
O04025,C0037,P0024,2026-01-15,2,0.05
O04026,C0005,P0037,2025-05-18,1,0.2
O04027,C0375,P0091,2025-10-13,3,0.1
O04028,C0439,P0084,2025-03-11,1,0.15
O04029,C0313,P0023,2025-12-13,2,0.2
O04030,C0413,P0049,2025-03-15,4,0.05
O04031,C0349,P0056,2025-04-17,1,0.15
O04032,C0402,P0069,2025-09-17,4,0.05
O04033,C0010,P0078,2025-04-13,3,0.1
O04034,C0445,P0057,2026-05-20,2,0.1
O04035,C0077,P0035,2025-05-26,3,0.1
O04036,C0377,P0049,2025-04-10,2,0.2
O04037,C0074,P0016,2025-06-07,1,0.0
O04038,C0197,P0064,2026-05-16,3,0.0
O04039,C0001,P0068,2025-01-12,4,0.0
O04040,C0157,P0071,2025-03-27,4,0.1
O04041,C0047,P0091,2025-09-27,4,0.2
O04042,C0028,P0043,2025-11-10,2,0.2
O04043,C0405,P0053,2025-10-01,2,0.05
O04044,C0193,P0025,2026-04-14,2,0.2
O04045,C0236,P0086,2025-09-13,1,0.0
O04046,C0113,P0028,2026-04-27,1,0.15
O04047,C0022,P0040,2025-10-24,3,0.1
O04048,C0470,P0036,2025-04-19,4,0.05
O04049,C0335,P0013,2025-12-30,4,0.2
O04050,C0347,P0084,2025-11-13,2,0.2
O04051,C0375,P0017,2026-04-19,3,0.1
O04052,C0122,P0038,2025-07-15,3,0.05
O04053,C0058,P0050,2025-12-09,2,0.15
O04054,C0453,P0054,2026-03-10,3,0.1
O04055,C0414,P0076,2026-03-26,1,0.2
O04056,C0037,P0007,2026-06-12,3,0.15
O04057,C0084,P0011,2025-06-12,1,0.1
O04058,C0294,P0092,2025-04-18,3,0.15
O04059,C0488,P0098,2025-07-03,3,0.2
O04060,C0160,P0092,2025-02-10,2,0.0
O04061,C0244,P0011,2025-11-11,1,0.05
O04062,C0446,P0078,2025-05-03,4,0.1
O04063,C0205,P0009,2025-09-21,2,0.05
O04064,C0431,P0097,2025-01-27,3,0.05
O04065,C0324,P0023,2026-05-01,1,0.2
O04066,C0018,P0090,2025-01-20,1,0.2
O04067,C0306,P0002,2026-05-20,2,0.05
O04068,C0370,P0060,2025-11-03,2,0.0
O04069,C0442,P0050,2026-06-07,2,0.2
O04070,C0046,P0001,2025-06-15,4,0.15
O04071,C0359,P0033,2025-05-26,4,0.0
O04072,C0125,P0073,2026-04-19,1,0.2
O04073,C0494,P0042,2026-06-09,4,0.0
O04074,C0010,P0058,2025-05-10,4,0.1
O04075,C0338,P0031,2026-01-28,4,0.0
O04076,C0217,P0058,2025-12-15,2,0.15
O04077,C0285,P0087,2025-12-21,2,0.15
O04078,C0432,P0074,2025-01-05,1,0.2
O04079,C0230,P0077,2025-07-28,3,0.1
O04080,C0449,P0065,2025-06-01,1,0.0
O04081,C0451,P0036,2026-01-22,2,0.0
O04082,C0478,P0029,2026-04-28,3,0.2
O04083,C0074,P0066,2026-06-26,3,0.0
O04084,C0023,P0097,2025-02-27,2,0.15
O04085,C0193,P0005,2025-05-18,4,0.0
O04086,C0223,P0078,2025-07-08,4,0.0
O04087,C0485,P0091,2025-04-21,1,0.1
O04088,C0486,P0018,2026-04-05,4,0.0
O04089,C0294,P0025,2025-12-17,3,0.0
O04090,C0134,P0051,2025-12-29,3,0.2
O04091,C0125,P0082,2026-04-24,4,0.0
O04092,C0447,P0037,2025-06-16,4,0.0
O04093,C0279,P0085,2026-04-02,3,0.0
O04094,C0136,P0073,2025-08-11,1,0.2
O04095,C0444,P0012,2026-01-31,3,0.15
O04096,C0011,P0057,2026-05-13,2,0.2
O04097,C0232,P0012,2026-02-06,2,0.05
O04098,C0088,P0040,2026-04-28,4,0.15
O04099,C0357,P0026,2025-11-06,4,0.1
O04100,C0472,P0011,2025-08-02,1,0.0
O04101,C0051,P0084,2026-03-21,3,0.2
O04102,C0294,P0090,2025-02-23,1,0.2
O04103,C0108,P0023,2026-06-01,2,0.15
O04104,C0089,P0005,2025-10-01,3,0.2
O04105,C0319,P0076,2025-11-03,2,0.1
O04106,C0254,P0038,2026-04-30,1,0.0
O04107,C0126,P0071,2026-04-16,2,0.05
O04108,C0068,P0011,2025-09-26,4,0.15
O04109,C0157,P0022,2025-09-06,4,0.1
O04110,C0150,P0025,2025-11-04,2,0.0
O04111,C0127,P0021,2025-01-04,2,0.2
O04112,C0137,P0051,2025-01-06,1,0.2
O04113,C0010,P0016,2025-04-26,4,0.05
O04114,C0308,P0027,2025-08-27,4,0.2
O04115,C0341,P0094,2025-12-17,3,0.15
O04116,C0311,P0064,2026-06-06,2,0.0
O04117,C0229,P0076,2025-08-28,3,0.15
O04118,C0013,P0021,2025-02-07,1,0.0
O04119,C0034,P0044,2025-12-01,1,0.2
O04120,C0462,P0087,2025-11-08,4,0.15
O04121,C0438,P0080,2025-08-21,1,0.1
O04122,C0086,P0013,2026-01-30,4,0.2
O04123,C0486,P0082,2026-03-13,2,0.2
O04124,C0143,P0051,2026-03-18,2,0.2
O04125,C0281,P0067,2025-02-02,1,0.2
O04126,C0085,P0070,2025-01-20,4,0.05
O04127,C0459,P0010,2025-10-12,4,0.2
O04128,C0438,P0022,2025-02-28,3,0.0
O04129,C0369,P0037,2026-02-10,3,0.2
O04130,C0003,P0039,2025-04-02,3,0.2
O04131,C0129,P0002,2025-07-16,1,0.2
O04132,C0271,P0014,2026-03-08,3,0.15
O04133,C0203,P0049,2025-05-08,1,0.15
O04134,C0183,P0081,2025-12-09,1,0.15
O04135,C0170,P0088,2026-02-14,3,0.05
O04136,C0044,P0043,2026-03-23,1,0.05
O04137,C0344,P0070,2026-06-04,3,0.05
O04138,C0090,P0035,2025-06-15,3,0.0
O04139,C0430,P0061,2025-07-07,3,0.05
O04140,C0261,P0056,2025-05-19,4,0.1
O04141,C0289,P0091,2025-03-23,3,0.0
O04142,C0072,P0045,2025-12-16,1,0.05
O04143,C0393,P0024,2025-09-23,4,0.15
O04144,C0275,P0089,2025-06-16,3,0.1
O04145,C0319,P0009,2025-02-13,4,0.2
O04146,C0329,P0068,2025-10-10,3,0.15
O04147,C0200,P0050,2026-01-23,2,0.2
O04148,C0410,P0004,2025-04-14,3,0.05
O04149,C0052,P0095,2025-07-28,2,0.1
O04150,C0359,P0029,2025-11-01,4,0.1
O04151,C0065,P0094,2025-11-05,2,0.2
O04152,C0433,P0081,2026-06-01,1,0.2
O04153,C0494,P0048,2025-05-17,3,0.2
O04154,C0308,P0007,2025-08-05,3,0.05
O04155,C0428,P0086,2025-03-08,2,0.05
O04156,C0134,P0052,2025-05-05,1,0.0
O04157,C0138,P0078,2025-05-04,2,0.2
O04158,C0133,P0095,2025-11-08,3,0.05
O04159,C0367,P0026,2026-06-19,1,0.15
O04160,C0188,P0094,2026-05-24,1,0.15
O04161,C0393,P0001,2026-05-05,2,0.2
O04162,C0207,P0084,2025-01-13,2,0.2
O04163,C0032,P0098,2026-02-16,4,0.2
O04164,C0274,P0059,2025-04-10,3,0.0
O04165,C0044,P0019,2026-05-07,1,0.0
O04166,C0424,P0017,2025-04-03,4,0.05
O04167,C0199,P0019,2026-06-07,3,0.05
O04168,C0457,P0089,2026-03-29,2,0.2
O04169,C0423,P0058,2025-07-27,3,0.2
O04170,C0072,P0013,2025-07-07,1,0.1
O04171,C0397,P0079,2025-01-01,3,0.0
O04172,C0266,P0035,2026-03-22,1,0.2
O04173,C0355,P0033,2025-03-26,2,0.2
O04174,C0372,P0040,2025-02-08,1,0.05
O04175,C0093,P0087,2026-03-29,3,0.1
O04176,C0330,P0021,2025-02-20,4,0.2
O04177,C0128,P0040,2026-05-24,4,0.2
O04178,C0424,P0018,2025-09-08,3,0.05
O04179,C0483,P0055,2026-05-10,3,0.15
O04180,C0210,P0020,2026-02-01,2,0.05
O04181,C0302,P0079,2026-03-18,3,0.05
O04182,C0014,P0049,2025-07-10,4,0.05
O04183,C0437,P0019,2025-09-06,1,0.05
O04184,C0003,P0027,2025-01-30,1,0.2
O04185,C0366,P0039,2026-04-20,2,0.0
O04186,C0485,P0003,2025-11-28,4,0.15
O04187,C0286,P0081,2026-03-16,1,0.05
O04188,C0278,P0012,2025-11-28,2,0.15
O04189,C0119,P0077,2026-05-02,1,0.0
O04190,C0390,P0074,2026-02-16,3,0.05
O04191,C0443,P0044,2025-11-21,1,0.15
O04192,C0176,P0005,2025-04-19,3,0.2
O04193,C0060,P0019,2026-06-21,1,0.1
O04194,C0244,P0077,2026-03-19,3,0.15
O04195,C0017,P0085,2025-02-24,3,0.0
O04196,C0401,P0063,2025-02-16,3,0.2
O04197,C0164,P0055,2025-10-23,3,0.0
O04198,C0008,P0053,2026-02-02,1,0.05
O04199,C0418,P0032,2026-01-07,4,0.0
O04200,C0272,P0009,2026-04-18,1,0.15
O04201,C0036,P0079,2025-08-02,4,0.15
O04202,C0106,P0023,2026-01-07,2,0.2
O04203,C0059,P0019,2025-08-14,4,0.05
O04204,C0137,P0082,2025-04-05,1,0.2
O04205,C0327,P0004,2025-01-22,1,0.1
O04206,C0167,P0055,2026-06-03,4,0.1
O04207,C0251,P0083,2026-01-04,4,0.1
O04208,C0145,P0038,2025-01-03,1,0.2
O04209,C0255,P0057,2026-01-02,3,0.15
O04210,C0017,P0015,2025-12-07,2,0.15
O04211,C0461,P0009,2025-06-19,4,0.15
O04212,C0259,P0020,2025-05-13,4,0.05
O04213,C0078,P0034,2025-08-21,4,0.05
O04214,C0206,P0024,2026-05-24,2,0.2
O04215,C0433,P0053,2025-04-09,4,0.15
O04216,C0468,P0099,2025-05-07,4,0.0
O04217,C0472,P0007,2026-04-12,1,0.15
O04218,C0093,P0005,2026-05-21,4,0.0
O04219,C0037,P0031,2026-04-27,2,0.0
O04220,C0409,P0021,2026-03-02,1,0.15
O04221,C0043,P0068,2025-06-20,1,0.15
O04222,C0259,P0068,2026-05-09,3,0.1
O04223,C0273,P0044,2025-05-02,1,0.05
O04224,C0008,P0074,2025-05-29,2,0.15
O04225,C0342,P0085,2026-03-31,1,0.05
O04226,C0075,P0092,2025-11-15,4,0.0
O04227,C0240,P0001,2026-06-25,1,0.2
O04228,C0204,P0083,2026-02-11,4,0.15
O04229,C0181,P0094,2025-03-03,4,0.15
O04230,C0308,P0013,2026-05-21,1,0.1
O04231,C0359,P0036,2025-08-31,4,0.15
O04232,C0116,P0060,2025-01-19,4,0.2
O04233,C0048,P0006,2026-06-21,4,0.05
O04234,C0039,P0017,2025-04-19,2,0.2
O04235,C0468,P0011,2026-03-21,4,0.1
O04236,C0133,P0051,2025-11-04,4,0.05
O04237,C0246,P0062,2025-12-07,4,0.1
O04238,C0072,P0048,2025-05-21,2,0.05
O04239,C0019,P0078,2025-03-26,2,0.1
O04240,C0440,P0083,2025-10-12,1,0.0
O04241,C0106,P0006,2025-05-02,4,0.0
O04242,C0166,P0022,2025-06-24,4,0.05
O04243,C0206,P0074,2025-02-25,3,0.05
O04244,C0399,P0043,2025-09-05,3,0.2
O04245,C0499,P0083,2025-08-16,4,0.2
O04246,C0193,P0025,2025-03-11,1,0.2
O04247,C0422,P0060,2025-09-01,4,0.2
O04248,C0163,P0030,2025-12-28,1,0.2
O04249,C0311,P0042,2026-05-02,2,0.1
O04250,C0024,P0045,2026-04-21,4,0.2
O04251,C0170,P0036,2025-05-25,1,0.15
O04252,C0271,P0079,2025-11-17,1,0.2
O04253,C0264,P0049,2026-06-13,4,0.05
O04254,C0271,P0034,2026-01-19,4,0.0
O04255,C0098,P0004,2025-03-30,3,0.15
O04256,C0028,P0053,2025-06-17,3,0.2
O04257,C0157,P0006,2025-08-06,3,0.15
O04258,C0146,P0043,2025-12-04,1,0.15
O04259,C0381,P0008,2026-02-11,4,0.0
O04260,C0309,P0028,2025-03-31,2,0.15
O04261,C0146,P0040,2026-05-17,3,0.05
O04262,C0033,P0078,2025-07-14,1,0.15
O04263,C0472,P0046,2025-12-17,1,0.15
O04264,C0322,P0028,2026-06-23,4,0.1
O04265,C0091,P0066,2025-06-30,4,0.2
O04266,C0227,P0047,2026-04-16,4,0.15
O04267,C0337,P0038,2026-05-03,4,0.15
O04268,C0047,P0038,2025-02-20,4,0.05
O04269,C0259,P0073,2025-11-14,3,0.1
O04270,C0202,P0089,2025-12-22,3,0.15
O04271,C0486,P0037,2025-12-16,2,0.15
O04272,C0156,P0064,2025-06-08,3,0.0
O04273,C0414,P0093,2026-02-08,1,0.0
O04274,C0407,P0063,2026-05-28,1,0.15
O04275,C0339,P0028,2025-12-01,2,0.2
O04276,C0070,P0092,2025-04-05,1,0.05
O04277,C0118,P0001,2025-12-19,3,0.0
O04278,C0498,P0005,2025-05-18,3,0.05
O04279,C0452,P0015,2025-04-12,2,0.2
O04280,C0354,P0066,2026-02-04,4,0.0
O04281,C0306,P0015,2026-04-03,3,0.05
O04282,C0315,P0003,2026-03-03,3,0.2
O04283,C0471,P0011,2026-01-22,4,0.0
O04284,C0461,P0012,2026-03-29,4,0.2
O04285,C0124,P0069,2025-05-05,1,0.2
O04286,C0450,P0096,2025-09-21,3,0.0
O04287,C0398,P0091,2026-02-15,3,0.2
O04288,C0304,P0060,2025-03-22,4,0.15
O04289,C0260,P0043,2026-06-05,4,0.0
O04290,C0222,P0070,2026-06-09,3,0.1
O04291,C0120,P0054,2025-02-27,4,0.0
O04292,C0301,P0034,2025-06-15,1,0.0
O04293,C0470,P0020,2026-03-04,4,0.15
O04294,C0414,P0033,2026-04-28,2,0.0
O04295,C0148,P0058,2025-07-25,3,0.1
O04296,C0020,P0062,2025-07-12,1,0.1
O04297,C0074,P0048,2025-01-10,3,0.0
O04298,C0105,P0094,2026-01-12,3,0.1
O04299,C0172,P0086,2025-10-18,2,0.05
O04300,C0305,P0087,2025-06-03,1,0.1
O04301,C0311,P0092,2025-01-11,1,0.1
O04302,C0500,P0062,2026-01-29,3,0.2
O04303,C0056,P0033,2025-12-07,1,0.2
O04304,C0184,P0048,2026-02-11,3,0.05
O04305,C0395,P0076,2025-02-09,4,0.0
O04306,C0019,P0019,2025-01-14,4,0.0
O04307,C0397,P0096,2026-05-30,1,0.0
O04308,C0456,P0073,2025-05-05,4,0.05
O04309,C0346,P0068,2026-04-27,3,0.2
O04310,C0320,P0019,2026-04-16,3,0.0
O04311,C0062,P0053,2025-08-25,2,0.15
O04312,C0340,P0091,2026-06-01,2,0.15
O04313,C0384,P0086,2026-01-05,1,0.1
O04314,C0220,P0046,2025-06-01,1,0.15
O04315,C0137,P0045,2025-11-06,1,0.0
O04316,C0454,P0062,2025-01-07,1,0.05
O04317,C0194,P0078,2025-10-19,4,0.0
O04318,C0172,P0069,2025-03-04,3,0.0
O04319,C0256,P0054,2025-11-01,3,0.05
O04320,C0121,P0089,2026-05-01,4,0.0
O04321,C0449,P0053,2025-10-05,2,0.2
O04322,C0205,P0009,2026-04-10,4,0.15
O04323,C0350,P0015,2025-12-18,4,0.2
O04324,C0447,P0097,2025-10-22,2,0.2
O04325,C0381,P0025,2025-01-06,2,0.0
O04326,C0484,P0015,2025-11-23,4,0.0
O04327,C0459,P0092,2025-07-04,1,0.1
O04328,C0222,P0092,2025-06-08,3,0.15
O04329,C0320,P0066,2025-07-07,2,0.05
O04330,C0145,P0078,2025-01-25,3,0.2
O04331,C0330,P0036,2026-02-13,2,0.15
O04332,C0197,P0091,2026-06-27,4,0.1
O04333,C0130,P0067,2026-03-18,1,0.2
O04334,C0058,P0020,2025-09-28,4,0.15
O04335,C0404,P0077,2025-01-01,3,0.2
O04336,C0004,P0059,2025-01-16,2,0.0
O04337,C0308,P0053,2025-06-16,4,0.15
O04338,C0149,P0071,2025-03-02,2,0.2
O04339,C0471,P0026,2026-01-14,4,0.05
O04340,C0158,P0099,2026-04-27,3,0.15
O04341,C0257,P0002,2025-12-31,3,0.1
O04342,C0047,P0011,2026-06-07,3,0.05
O04343,C0425,P0097,2025-03-31,2,0.1
O04344,C0498,P0011,2025-01-01,4,0.1
O04345,C0444,P0093,2026-03-21,1,0.15
O04346,C0059,P0001,2026-06-29,3,0.15
O04347,C0368,P0004,2025-02-07,4,0.1
O04348,C0487,P0083,2026-06-27,1,0.1
O04349,C0276,P0029,2025-02-02,4,0.1
O04350,C0084,P0033,2026-04-02,4,0.15
O04351,C0174,P0081,2025-05-15,2,0.0
O04352,C0300,P0066,2025-09-23,3,0.2
O04353,C0225,P0068,2026-05-13,3,0.1
O04354,C0021,P0033,2025-12-18,2,0.15
O04355,C0349,P0055,2025-11-05,4,0.0
O04356,C0338,P0009,2025-02-06,2,0.2
O04357,C0424,P0019,2026-05-22,4,0.2
O04358,C0059,P0049,2025-08-22,2,0.0
O04359,C0182,P0028,2025-08-15,3,0.1
O04360,C0342,P0049,2025-11-18,2,0.0
O04361,C0477,P0033,2025-01-19,1,0.1
O04362,C0172,P0029,2025-03-08,2,0.15
O04363,C0478,P0039,2026-05-20,1,0.2
O04364,C0389,P0017,2026-06-11,3,0.1
O04365,C0028,P0002,2025-05-06,4,0.05
O04366,C0306,P0019,2025-08-21,1,0.2
O04367,C0310,P0059,2025-03-16,2,0.1
O04368,C0096,P0006,2026-05-13,3,0.05
O04369,C0073,P0004,2025-02-28,3,0.05
O04370,C0051,P0008,2026-06-19,3,0.2
O04371,C0015,P0012,2026-03-23,2,0.2
O04372,C0346,P0080,2025-02-20,4,0.2
O04373,C0336,P0061,2025-10-04,4,0.05
O04374,C0132,P0039,2025-04-09,4,0.0
O04375,C0174,P0013,2026-01-27,2,0.0
O04376,C0208,P0032,2026-04-27,2,0.05
O04377,C0034,P0061,2025-03-18,3,0.1
O04378,C0170,P0026,2025-08-31,4,0.15
O04379,C0121,P0028,2025-06-25,3,0.1
O04380,C0316,P0080,2026-05-06,1,0.15
O04381,C0492,P0047,2025-09-29,4,0.0
O04382,C0019,P0018,2026-06-22,1,0.05
O04383,C0275,P0041,2025-10-07,4,0.2
O04384,C0290,P0083,2025-05-09,4,0.2
O04385,C0197,P0011,2026-06-10,3,0.15
O04386,C0380,P0060,2026-06-25,3,0.05
O04387,C0205,P0088,2026-02-10,3,0.2
O04388,C0141,P0038,2025-06-16,1,0.2
O04389,C0397,P0069,2025-05-11,1,0.0
O04390,C0203,P0061,2025-02-06,3,0.1
O04391,C0174,P0014,2025-06-16,1,0.2
O04392,C0091,P0018,2025-10-28,4,0.0
O04393,C0011,P0020,2025-04-07,4,0.1
O04394,C0125,P0082,2025-04-24,1,0.1
O04395,C0413,P0073,2025-05-17,2,0.1
O04396,C0386,P0031,2026-06-18,3,0.15
O04397,C0194,P0097,2025-09-18,1,0.0
O04398,C0429,P0047,2025-08-04,1,0.15
O04399,C0167,P0002,2025-05-03,4,0.15
O04400,C0057,P0020,2025-07-08,1,0.1
O04401,C0180,P0069,2026-03-14,2,0.15
O04402,C0119,P0028,2025-04-16,2,0.15
O04403,C0239,P0089,2026-04-03,1,0.0
O04404,C0386,P0066,2025-12-02,1,0.05
O04405,C0294,P0035,2026-04-29,2,0.15
O04406,C0249,P0061,2025-11-03,1,0.0
O04407,C0061,P0031,2025-09-09,2,0.1
O04408,C0433,P0025,2026-03-10,2,0.15
O04409,C0403,P0023,2025-07-07,4,0.0
O04410,C0457,P0032,2025-07-16,3,0.1
O04411,C0306,P0082,2025-09-18,4,0.05
O04412,C0265,P0072,2025-05-14,2,0.1
O04413,C0350,P0083,2025-11-14,4,0.1
O04414,C0294,P0012,2025-12-29,4,0.2
O04415,C0194,P0045,2025-05-16,4,0.1
O04416,C0365,P0087,2026-05-01,3,0.1
O04417,C0241,P0069,2025-05-16,2,0.1
O04418,C0370,P0079,2025-02-07,2,0.1
O04419,C0347,P0015,2025-09-23,4,0.2
O04420,C0388,P0075,2026-04-22,1,0.05
O04421,C0435,P0035,2026-05-30,2,0.0
O04422,C0395,P0083,2025-04-21,3,0.1
O04423,C0409,P0058,2026-02-22,3,0.15
O04424,C0433,P0069,2025-03-13,3,0.05
O04425,C0346,P0098,2026-02-04,3,0.2
O04426,C0018,P0087,2025-05-10,4,0.0
O04427,C0055,P0029,2025-05-04,1,0.0
O04428,C0439,P0025,2026-05-05,1,0.1
O04429,C0176,P0033,2025-12-20,2,0.0
O04430,C0147,P0088,2025-10-16,2,0.2
O04431,C0209,P0010,2025-11-08,2,0.15
O04432,C0333,P0055,2025-05-05,1,0.1
O04433,C0229,P0084,2025-07-27,2,0.0
O04434,C0441,P0082,2026-03-01,1,0.15
O04435,C0006,P0018,2026-02-06,2,0.05
O04436,C0060,P0061,2025-05-25,1,0.1
O04437,C0488,P0023,2025-12-21,4,0.15
O04438,C0213,P0075,2025-01-24,1,0.0
O04439,C0130,P0097,2025-02-24,4,0.05
O04440,C0369,P0008,2025-12-02,4,0.0
O04441,C0187,P0068,2025-10-12,2,0.1
O04442,C0371,P0044,2025-11-16,4,0.1
O04443,C0022,P0064,2025-05-07,3,0.05
O04444,C0168,P0005,2025-03-25,4,0.0
O04445,C0384,P0057,2025-09-30,1,0.15
O04446,C0255,P0042,2026-01-28,2,0.15
O04447,C0498,P0039,2025-06-08,3,0.15
O04448,C0299,P0063,2025-11-30,3,0.15
O04449,C0220,P0071,2026-06-13,2,0.0
O04450,C0328,P0006,2026-03-18,3,0.15
O04451,C0021,P0053,2025-04-19,1,0.15
O04452,C0449,P0050,2025-05-25,1,0.1
O04453,C0002,P0046,2026-04-23,1,0.0
O04454,C0151,P0020,2025-10-05,2,0.15
O04455,C0235,P0056,2026-05-10,4,0.0
O04456,C0319,P0075,2026-02-23,3,0.15
O04457,C0343,P0038,2025-12-30,2,0.0
O04458,C0491,P0078,2026-01-18,2,0.15
O04459,C0400,P0069,2026-03-22,2,0.2
O04460,C0273,P0082,2025-01-21,2,0.1
O04461,C0056,P0066,2026-04-09,3,0.2
O04462,C0329,P0067,2025-04-21,3,0.0
O04463,C0029,P0068,2025-06-27,4,0.15
O04464,C0473,P0003,2026-04-30,2,0.0
O04465,C0426,P0095,2025-12-22,3,0.1
O04466,C0110,P0080,2025-01-15,2,0.15
O04467,C0392,P0094,2026-01-26,2,0.05
O04468,C0229,P0086,2025-11-27,2,0.05
O04469,C0499,P0011,2025-11-26,1,0.05
O04470,C0479,P0088,2025-04-18,3,0.05
O04471,C0189,P0077,2025-05-26,4,0.15
O04472,C0412,P0033,2025-03-28,2,0.0
O04473,C0106,P0089,2025-09-10,4,0.2
O04474,C0410,P0002,2026-01-08,3,0.2
O04475,C0480,P0053,2025-08-30,4,0.15
O04476,C0282,P0011,2025-05-14,4,0.0
O04477,C0276,P0040,2025-05-11,2,0.05
O04478,C0463,P0068,2026-05-16,4,0.2
O04479,C0400,P0058,2025-05-23,1,0.2
O04480,C0050,P0044,2025-12-03,4,0.0
O04481,C0337,P0005,2025-04-26,3,0.0
O04482,C0385,P0080,2026-02-15,2,0.0
O04483,C0316,P0012,2026-02-27,1,0.0
O04484,C0437,P0010,2026-05-12,2,0.2
O04485,C0407,P0076,2026-01-25,1,0.2
O04486,C0145,P0023,2025-05-05,3,0.0
O04487,C0109,P0057,2026-06-20,3,0.0
O04488,C0485,P0095,2025-09-19,1,0.2
O04489,C0495,P0042,2026-05-28,2,0.15
O04490,C0497,P0039,2025-01-11,4,0.05
O04491,C0274,P0024,2026-05-26,4,0.15
O04492,C0253,P0095,2025-01-14,1,0.2
O04493,C0180,P0070,2025-04-10,1,0.0
O04494,C0208,P0016,2025-05-05,2,0.1
O04495,C0449,P0012,2025-07-09,1,0.15
O04496,C0395,P0059,2026-03-02,4,0.0
O04497,C0232,P0070,2025-07-21,3,0.1
O04498,C0192,P0016,2026-03-08,2,0.1
O04499,C0132,P0094,2025-07-20,4,0.15
O04500,C0181,P0095,2025-10-14,2,0.0
O04501,C0363,P0007,2025-03-23,3,0.2
O04502,C0009,P0038,2025-04-21,1,0.2
O04503,C0422,P0064,2025-06-29,3,0.2
O04504,C0022,P0057,2025-09-11,3,0.2
O04505,C0006,P0038,2025-05-11,4,0.05
O04506,C0237,P0055,2025-03-04,1,0.0
O04507,C0297,P0064,2025-03-29,4,0.1
O04508,C0293,P0042,2025-01-18,3,0.1
O04509,C0158,P0018,2025-01-01,3,0.2
O04510,C0395,P0004,2025-03-29,4,0.2
O04511,C0480,P0094,2025-11-09,1,0.1
O04512,C0068,P0068,2025-04-10,2,0.15
O04513,C0321,P0005,2025-11-05,1,0.15
O04514,C0079,P0049,2025-09-08,2,0.2
O04515,C0103,P0058,2026-01-29,3,0.05
O04516,C0014,P0025,2025-01-17,1,0.05
O04517,C0065,P0046,2025-12-16,1,0.1
O04518,C0486,P0026,2026-01-11,4,0.05
O04519,C0264,P0051,2025-05-26,1,0.1
O04520,C0014,P0047,2026-02-25,4,0.15
O04521,C0362,P0003,2026-06-14,4,0.1
O04522,C0376,P0015,2025-02-01,3,0.15
O04523,C0350,P0082,2025-08-06,2,0.2
O04524,C0293,P0033,2026-01-09,4,0.05
O04525,C0212,P0015,2025-07-25,4,0.0
O04526,C0307,P0076,2025-02-13,1,0.0
O04527,C0241,P0013,2026-05-10,4,0.15
O04528,C0427,P0046,2025-09-06,2,0.0
O04529,C0464,P0080,2025-08-17,2,0.15
O04530,C0358,P0100,2025-03-12,4,0.2
O04531,C0446,P0032,2025-09-12,4,0.15
O04532,C0145,P0023,2026-05-09,1,0.1
O04533,C0236,P0073,2025-10-29,4,0.05
O04534,C0026,P0095,2025-02-23,4,0.1
O04535,C0408,P0007,2026-02-16,1,0.1
O04536,C0423,P0007,2025-10-28,2,0.1
O04537,C0455,P0081,2026-04-02,2,0.1
O04538,C0250,P0088,2026-06-21,3,0.2
O04539,C0435,P0011,2026-06-29,3,0.15
O04540,C0165,P0018,2026-02-27,2,0.15
O04541,C0427,P0010,2026-05-11,3,0.15
O04542,C0488,P0075,2025-07-19,3,0.1
O04543,C0152,P0068,2026-03-31,3,0.15
O04544,C0066,P0010,2026-04-30,4,0.1
O04545,C0227,P0012,2025-11-08,4,0.05
O04546,C0121,P0043,2025-01-28,3,0.0
O04547,C0409,P0061,2025-03-18,3,0.15
O04548,C0094,P0013,2025-12-29,1,0.2
O04549,C0171,P0065,2025-09-04,4,0.05
O04550,C0327,P0062,2025-12-11,1,0.15
O04551,C0215,P0002,2025-09-20,1,0.15
O04552,C0049,P0003,2026-04-28,2,0.0
O04553,C0489,P0077,2025-09-28,2,0.2
O04554,C0132,P0090,2025-04-10,4,0.1
O04555,C0449,P0003,2025-09-01,4,0.2
O04556,C0210,P0012,2025-02-24,3,0.15
O04557,C0004,P0055,2025-10-08,2,0.2
O04558,C0390,P0018,2025-10-30,2,0.2
O04559,C0041,P0052,2025-07-29,2,0.0
O04560,C0393,P0039,2025-05-11,2,0.2
O04561,C0142,P0077,2025-03-25,2,0.15
O04562,C0025,P0012,2025-09-07,1,0.0
O04563,C0291,P0018,2025-10-02,3,0.2
O04564,C0444,P0014,2025-04-12,3,0.2
O04565,C0047,P0015,2025-06-08,4,0.05
O04566,C0310,P0094,2025-07-09,2,0.2
O04567,C0377,P0060,2025-05-17,2,0.05
O04568,C0345,P0011,2025-02-23,2,0.05
O04569,C0336,P0053,2025-12-23,4,0.2
O04570,C0365,P0026,2026-02-11,1,0.05
O04571,C0257,P0081,2026-02-24,2,0.0
O04572,C0262,P0094,2026-03-26,4,0.05
O04573,C0482,P0037,2025-05-13,1,0.1
O04574,C0172,P0098,2025-10-20,4,0.1
O04575,C0118,P0026,2025-05-01,3,0.05
O04576,C0163,P0009,2026-02-18,3,0.2
O04577,C0037,P0012,2025-03-18,3,0.1
O04578,C0031,P0071,2026-05-29,4,0.15
O04579,C0060,P0095,2025-07-04,4,0.05
O04580,C0022,P0049,2025-08-07,2,0.0
O04581,C0418,P0022,2025-03-30,4,0.2
O04582,C0229,P0086,2025-10-13,2,0.1
O04583,C0012,P0060,2026-02-18,1,0.05
O04584,C0370,P0080,2026-04-06,3,0.05
O04585,C0370,P0051,2026-01-16,1,0.0
O04586,C0354,P0078,2025-08-08,1,0.2
O04587,C0304,P0057,2025-11-20,1,0.2
O04588,C0083,P0097,2025-03-01,4,0.1
O04589,C0113,P0049,2025-05-22,1,0.0
O04590,C0399,P0001,2025-12-08,3,0.15
O04591,C0497,P0032,2025-04-28,1,0.2
O04592,C0251,P0080,2026-04-21,1,0.2
O04593,C0316,P0066,2025-11-17,3,0.1
O04594,C0104,P0055,2025-01-04,3,0.05
O04595,C0452,P0059,2025-10-30,1,0.0
O04596,C0378,P0097,2025-03-16,1,0.1
O04597,C0227,P0049,2025-08-09,4,0.05
O04598,C0001,P0087,2025-03-10,4,0.15
O04599,C0479,P0087,2025-02-11,3,0.05
O04600,C0462,P0019,2025-07-14,3,0.2
O04601,C0153,P0008,2025-11-14,2,0.2
O04602,C0191,P0008,2026-01-22,1,0.15
O04603,C0022,P0062,2025-04-23,4,0.05
O04604,C0023,P0093,2025-10-01,3,0.05
O04605,C0243,P0090,2026-02-03,3,0.05
O04606,C0274,P0042,2025-09-24,3,0.2
O04607,C0014,P0091,2026-05-29,1,0.15
O04608,C0458,P0069,2025-08-27,2,0.15
O04609,C0207,P0053,2025-03-20,4,0.1
O04610,C0449,P0072,2026-03-29,4,0.1
O04611,C0230,P0051,2025-03-03,1,0.05
O04612,C0288,P0009,2026-02-20,3,0.0
O04613,C0375,P0045,2026-05-13,1,0.1
O04614,C0378,P0035,2025-09-17,3,0.15
O04615,C0113,P0071,2026-05-22,3,0.15
O04616,C0483,P0001,2025-04-17,2,0.1
O04617,C0189,P0073,2026-01-11,2,0.2
O04618,C0285,P0058,2025-12-21,3,0.1
O04619,C0189,P0072,2025-10-29,4,0.15
O04620,C0101,P0017,2025-10-11,3,0.1
O04621,C0241,P0053,2026-06-04,4,0.1
O04622,C0334,P0005,2026-02-15,3,0.05
O04623,C0453,P0012,2025-02-04,3,0.15
O04624,C0202,P0086,2025-05-30,2,0.15
O04625,C0279,P0099,2026-02-20,4,0.15
O04626,C0242,P0014,2025-10-25,4,0.2
O04627,C0022,P0062,2025-08-16,1,0.2
O04628,C0276,P0098,2025-09-16,2,0.15
O04629,C0361,P0065,2026-01-19,1,0.15
O04630,C0455,P0035,2025-07-10,3,0.15
O04631,C0475,P0008,2026-03-02,1,0.1
O04632,C0364,P0052,2026-01-06,1,0.15
O04633,C0029,P0022,2026-02-01,1,0.05
O04634,C0263,P0068,2026-02-04,4,0.15
O04635,C0462,P0046,2026-01-07,2,0.1
O04636,C0165,P0050,2025-06-10,3,0.2
O04637,C0170,P0054,2025-10-11,1,0.1
O04638,C0126,P0090,2025-12-04,2,0.15
O04639,C0487,P0049,2026-04-30,2,0.1
O04640,C0141,P0002,2025-02-26,4,0.0
O04641,C0333,P0067,2026-02-16,3,0.2
O04642,C0348,P0005,2026-04-30,4,0.05
O04643,C0399,P0091,2026-05-27,4,0.05
O04644,C0040,P0090,2025-12-24,1,0.0
O04645,C0056,P0035,2025-10-31,1,0.0
O04646,C0253,P0065,2025-05-09,3,0.2
O04647,C0059,P0014,2025-11-15,4,0.0
O04648,C0172,P0070,2026-01-02,4,0.2
O04649,C0374,P0083,2025-08-29,1,0.0
O04650,C0100,P0005,2025-12-04,2,0.0
O04651,C0387,P0016,2025-09-06,4,0.2
O04652,C0423,P0005,2025-11-15,3,0.05
O04653,C0382,P0087,2026-02-22,1,0.0
O04654,C0425,P0061,2026-03-03,1,0.1
O04655,C0218,P0029,2025-12-10,4,0.15
O04656,C0290,P0095,2026-02-01,2,0.05
O04657,C0415,P0032,2026-05-16,2,0.2
O04658,C0435,P0082,2025-10-18,1,0.05
O04659,C0464,P0096,2025-04-24,1,0.0
O04660,C0485,P0086,2025-07-21,2,0.15
O04661,C0374,P0002,2026-04-22,2,0.0
O04662,C0357,P0072,2025-12-12,4,0.1
O04663,C0323,P0045,2025-05-05,2,0.05
O04664,C0186,P0037,2025-02-10,2,0.05
O04665,C0328,P0037,2025-10-22,3,0.0
O04666,C0262,P0068,2025-06-12,3,0.15
O04667,C0274,P0096,2026-04-13,4,0.05
O04668,C0400,P0068,2025-03-03,1,0.05
O04669,C0033,P0010,2026-03-02,1,0.0
O04670,C0130,P0036,2025-01-06,1,0.05
O04671,C0117,P0015,2025-05-27,4,0.05
O04672,C0309,P0020,2025-09-12,3,0.2
O04673,C0222,P0061,2025-01-09,2,0.15
O04674,C0289,P0087,2025-10-16,3,0.2
O04675,C0474,P0083,2026-06-19,4,0.0
O04676,C0236,P0067,2025-08-31,4,0.1
O04677,C0053,P0087,2025-03-30,3,0.1
O04678,C0435,P0087,2025-04-09,3,0.1
O04679,C0468,P0051,2026-04-30,3,0.05
O04680,C0407,P0023,2025-08-08,2,0.05
O04681,C0328,P0070,2025-01-21,3,0.2
O04682,C0072,P0048,2026-01-13,2,0.0
O04683,C0060,P0084,2025-04-02,2,0.1
O04684,C0245,P0100,2026-04-22,4,0.0
O04685,C0243,P0053,2025-09-03,2,0.15
O04686,C0405,P0009,2025-04-04,2,0.2
O04687,C0066,P0078,2025-01-31,1,0.1
O04688,C0353,P0072,2026-05-15,4,0.05
O04689,C0363,P0030,2025-06-05,4,0.2
O04690,C0203,P0061,2025-08-27,2,0.15
O04691,C0397,P0058,2025-01-30,4,0.0
O04692,C0089,P0039,2025-05-30,2,0.05
O04693,C0314,P0026,2025-02-18,2,0.15
O04694,C0482,P0002,2026-03-17,2,0.2
O04695,C0417,P0085,2026-05-02,1,0.1
O04696,C0072,P0070,2025-10-20,1,0.1
O04697,C0420,P0071,2025-11-12,3,0.15
O04698,C0216,P0036,2025-02-01,3,0.15
O04699,C0425,P0064,2025-08-28,4,0.0
O04700,C0498,P0015,2025-07-02,1,0.0
O04701,C0477,P0006,2025-10-19,4,0.0
O04702,C0228,P0070,2026-03-20,3,0.15
O04703,C0033,P0034,2025-04-25,3,0.1
O04704,C0352,P0029,2025-04-25,4,0.05
O04705,C0341,P0047,2025-09-07,3,0.1
O04706,C0004,P0036,2025-06-28,1,0.1
O04707,C0407,P0064,2025-06-09,4,0.1
O04708,C0323,P0016,2026-06-09,2,0.0
O04709,C0055,P0043,2026-03-19,3,0.2
O04710,C0349,P0067,2025-06-30,3,0.1
O04711,C0235,P0049,2025-03-02,1,0.05
O04712,C0208,P0018,2025-03-29,2,0.2
O04713,C0274,P0029,2025-11-06,4,0.05
O04714,C0440,P0041,2025-05-17,1,0.15
O04715,C0367,P0025,2025-02-13,4,0.1
O04716,C0239,P0034,2025-09-16,4,0.1
O04717,C0384,P0063,2025-04-13,1,0.1
O04718,C0451,P0010,2025-02-04,3,0.05
O04719,C0474,P0068,2026-06-23,2,0.1
O04720,C0388,P0022,2025-02-17,3,0.1
O04721,C0149,P0049,2025-05-31,1,0.2
O04722,C0107,P0015,2025-06-17,1,0.2
O04723,C0399,P0020,2025-05-02,1,0.05
O04724,C0436,P0002,2025-07-13,4,0.2
O04725,C0356,P0064,2025-10-13,2,0.1
O04726,C0029,P0098,2025-06-22,1,0.05
O04727,C0195,P0009,2026-04-27,4,0.0
O04728,C0369,P0043,2025-09-19,1,0.0
O04729,C0111,P0050,2025-11-23,3,0.2
O04730,C0008,P0014,2025-12-29,2,0.05
O04731,C0436,P0057,2026-01-31,4,0.05
O04732,C0192,P0098,2026-05-12,1,0.0
O04733,C0150,P0027,2026-06-30,1,0.2
O04734,C0303,P0012,2025-12-24,1,0.1
O04735,C0117,P0064,2026-01-21,1,0.2
O04736,C0080,P0027,2025-12-30,4,0.0
O04737,C0179,P0070,2025-05-04,4,0.0
O04738,C0210,P0019,2025-07-18,4,0.15
O04739,C0096,P0080,2025-03-10,2,0.2
O04740,C0406,P0076,2025-08-11,3,0.2
O04741,C0276,P0048,2026-04-20,3,0.15
O04742,C0115,P0057,2025-03-20,2,0.2
O04743,C0263,P0058,2025-02-01,4,0.15
O04744,C0488,P0065,2026-03-22,3,0.0
O04745,C0026,P0058,2025-12-30,3,0.05
O04746,C0437,P0046,2025-03-11,2,0.15
O04747,C0142,P0093,2025-01-25,1,0.1
O04748,C0105,P0033,2026-05-15,3,0.15
O04749,C0330,P0059,2025-07-29,4,0.0
O04750,C0433,P0048,2025-04-24,1,0.15
O04751,C0396,P0059,2025-12-29,3,0.1
O04752,C0020,P0077,2025-11-10,2,0.0
O04753,C0100,P0059,2026-06-14,2,0.15
O04754,C0416,P0066,2026-06-25,1,0.2
O04755,C0196,P0026,2025-06-09,2,0.2
O04756,C0438,P0021,2025-08-26,4,0.05
O04757,C0259,P0026,2025-03-17,4,0.15
O04758,C0404,P0086,2026-04-23,2,0.1
O04759,C0438,P0077,2025-12-05,2,0.15
O04760,C0320,P0008,2025-11-03,1,0.0
O04761,C0498,P0091,2026-02-21,2,0.05
O04762,C0166,P0043,2025-03-06,4,0.05
O04763,C0207,P0018,2025-12-30,3,0.05
O04764,C0253,P0045,2026-02-03,1,0.0
O04765,C0327,P0014,2026-01-03,4,0.15
O04766,C0483,P0021,2025-04-22,1,0.2
O04767,C0335,P0048,2025-03-06,2,0.1
O04768,C0210,P0087,2026-05-17,3,0.1
O04769,C0077,P0046,2025-11-23,3,0.1
O04770,C0192,P0044,2025-04-03,4,0.1
O04771,C0161,P0041,2025-05-08,2,0.1
O04772,C0401,P0078,2025-10-18,4,0.0
O04773,C0228,P0030,2025-10-13,3,0.15
O04774,C0032,P0023,2026-04-09,1,0.05
O04775,C0456,P0056,2025-10-29,3,0.05
O04776,C0459,P0071,2026-05-21,1,0.15
O04777,C0193,P0080,2025-03-20,4,0.0
O04778,C0484,P0034,2026-01-11,3,0.2
O04779,C0031,P0064,2025-11-11,1,0.05
O04780,C0066,P0089,2025-12-21,4,0.1
O04781,C0192,P0036,2026-04-16,3,0.0
O04782,C0378,P0030,2026-04-20,3,0.2
O04783,C0419,P0095,2026-06-30,4,0.0
O04784,C0135,P0006,2025-02-05,2,0.0
O04785,C0397,P0063,2025-03-13,3,0.2
O04786,C0136,P0035,2026-01-04,1,0.15
O04787,C0231,P0097,2025-10-03,2,0.1
O04788,C0368,P0074,2026-05-17,1,0.2
O04789,C0100,P0069,2025-04-06,2,0.1
O04790,C0174,P0091,2025-04-02,3,0.2
O04791,C0419,P0084,2025-11-12,4,0.15
O04792,C0411,P0035,2026-06-13,2,0.05
O04793,C0247,P0037,2025-04-01,2,0.15
O04794,C0246,P0091,2025-11-28,1,0.0
O04795,C0350,P0002,2025-09-20,1,0.05
O04796,C0155,P0036,2025-08-26,1,0.1
O04797,C0348,P0067,2025-10-10,4,0.1
O04798,C0414,P0021,2025-08-13,3,0.15
O04799,C0126,P0050,2025-09-29,4,0.0
O04800,C0355,P0075,2025-10-20,2,0.05
O04801,C0372,P0096,2026-03-19,1,0.2
O04802,C0088,P0051,2025-05-14,1,0.05
O04803,C0095,P0053,2026-01-02,4,0.05
O04804,C0225,P0050,2025-09-12,1,0.2
O04805,C0220,P0020,2025-01-22,3,0.2
O04806,C0244,P0065,2026-03-30,2,0.15
O04807,C0409,P0030,2025-11-01,4,0.0
O04808,C0124,P0029,2025-08-31,1,0.15
O04809,C0302,P0007,2025-06-19,2,0.15
O04810,C0394,P0070,2026-02-03,2,0.1
O04811,C0372,P0028,2025-10-29,4,0.05
O04812,C0005,P0080,2025-06-10,3,0.15
O04813,C0491,P0055,2025-11-17,4,0.1
O04814,C0335,P0064,2026-01-10,1,0.1
O04815,C0500,P0080,2025-07-25,2,0.15
O04816,C0187,P0026,2025-06-05,3,0.05
O04817,C0439,P0061,2025-06-12,3,0.2
O04818,C0036,P0040,2025-10-23,1,0.1
O04819,C0435,P0002,2026-03-06,1,0.15
O04820,C0482,P0075,2025-01-26,2,0.05
O04821,C0328,P0074,2026-06-09,3,0.0
O04822,C0059,P0049,2026-01-20,4,0.15
O04823,C0026,P0040,2026-06-17,1,0.1
O04824,C0470,P0088,2026-01-21,3,0.1
O04825,C0388,P0022,2025-12-30,2,0.05
O04826,C0360,P0013,2026-01-03,1,0.0
O04827,C0394,P0066,2025-02-05,2,0.1
O04828,C0017,P0068,2025-08-26,3,0.05
O04829,C0179,P0063,2025-05-13,1,0.15
O04830,C0295,P0036,2025-10-17,4,0.0
O04831,C0345,P0057,2025-07-31,2,0.0
O04832,C0185,P0038,2026-02-21,2,0.15
O04833,C0070,P0006,2025-05-25,2,0.0
O04834,C0165,P0030,2025-07-24,2,0.15
O04835,C0230,P0016,2025-04-17,2,0.2
O04836,C0369,P0031,2025-06-14,3,0.2
O04837,C0029,P0064,2026-01-31,3,0.15
O04838,C0289,P0097,2025-09-10,1,0.15
O04839,C0197,P0073,2026-06-20,2,0.0
O04840,C0236,P0050,2025-02-21,2,0.1
O04841,C0369,P0032,2025-08-17,1,0.0
O04842,C0093,P0036,2025-02-08,1,0.2
O04843,C0251,P0072,2025-05-08,2,0.2
O04844,C0196,P0038,2026-03-21,2,0.2
O04845,C0122,P0017,2025-07-13,3,0.05
O04846,C0156,P0093,2026-04-03,3,0.05
O04847,C0272,P0075,2025-08-23,2,0.15
O04848,C0295,P0017,2026-01-23,3,0.1
O04849,C0405,P0058,2025-11-01,3,0.0
O04850,C0496,P0069,2025-07-06,2,0.05
O04851,C0390,P0014,2025-03-05,2,0.15
O04852,C0162,P0063,2025-12-02,1,0.15
O04853,C0073,P0020,2026-04-21,4,0.2
O04854,C0255,P0100,2025-11-05,4,0.0
O04855,C0064,P0006,2025-05-29,4,0.1
O04856,C0401,P0026,2026-02-09,3,0.05
O04857,C0381,P0100,2025-05-15,1,0.1
O04858,C0483,P0051,2025-04-13,1,0.15
O04859,C0220,P0087,2026-04-12,2,0.1
O04860,C0222,P0019,2025-03-19,1,0.2
O04861,C0224,P0057,2025-08-17,1,0.2
O04862,C0499,P0070,2025-10-22,1,0.1
O04863,C0207,P0050,2026-02-11,1,0.2
O04864,C0333,P0019,2025-08-11,4,0.0
O04865,C0477,P0036,2025-06-06,1,0.0
O04866,C0454,P0070,2025-04-14,2,0.0
O04867,C0082,P0062,2025-04-10,3,0.0
O04868,C0032,P0009,2026-05-31,2,0.15
O04869,C0221,P0080,2026-01-04,3,0.0
O04870,C0150,P0030,2026-02-26,4,0.1
O04871,C0307,P0069,2025-06-24,1,0.15
O04872,C0397,P0012,2026-06-25,3,0.0
O04873,C0003,P0089,2025-06-04,1,0.05
O04874,C0362,P0011,2025-09-13,1,0.05
O04875,C0094,P0085,2025-07-29,4,0.0
O04876,C0259,P0088,2025-05-03,4,0.15
O04877,C0314,P0036,2026-01-10,1,0.15
O04878,C0308,P0050,2026-06-25,3,0.2
O04879,C0273,P0077,2025-09-21,4,0.2
O04880,C0075,P0089,2025-05-03,1,0.2
O04881,C0228,P0091,2026-02-07,4,0.0
O04882,C0030,P0015,2026-05-11,1,0.15
O04883,C0400,P0028,2026-06-06,3,0.1
O04884,C0364,P0098,2026-03-04,3,0.2
O04885,C0040,P0007,2025-01-02,2,0.0
O04886,C0488,P0037,2025-08-12,2,0.2
O04887,C0133,P0055,2026-03-14,2,0.2
O04888,C0126,P0046,2026-05-19,3,0.05
O04889,C0175,P0069,2026-03-26,1,0.2
O04890,C0376,P0064,2026-04-30,3,0.15
O04891,C0418,P0019,2025-04-23,4,0.1
O04892,C0400,P0021,2025-02-01,2,0.05
O04893,C0485,P0070,2025-10-04,4,0.15
O04894,C0441,P0025,2025-12-12,4,0.2
O04895,C0257,P0072,2026-01-15,2,0.2
O04896,C0183,P0035,2025-07-29,3,0.0
O04897,C0237,P0097,2025-11-26,3,0.2
O04898,C0454,P0011,2026-04-06,4,0.15
O04899,C0272,P0015,2026-02-16,1,0.1
O04900,C0150,P0022,2025-10-02,3,0.0
O04901,C0452,P0047,2026-04-18,3,0.0
O04902,C0344,P0050,2025-07-06,3,0.2
O04903,C0116,P0019,2026-02-15,3,0.0
O04904,C0103,P0053,2026-04-08,3,0.2
O04905,C0419,P0060,2026-06-14,2,0.0
O04906,C0343,P0081,2026-03-22,1,0.05
O04907,C0173,P0080,2025-02-18,4,0.0
O04908,C0068,P0099,2025-03-26,1,0.15
O04909,C0259,P0052,2026-01-25,2,0.05
O04910,C0387,P0044,2025-05-04,3,0.15
O04911,C0474,P0086,2025-06-26,1,0.1
O04912,C0043,P0039,2025-01-09,4,0.2
O04913,C0435,P0037,2025-06-06,2,0.05
O04914,C0241,P0098,2025-10-12,2,0.0
O04915,C0451,P0078,2025-11-23,4,0.2
O04916,C0375,P0043,2026-06-28,2,0.1
O04917,C0042,P0037,2026-06-08,1,0.0
O04918,C0185,P0088,2025-07-08,1,0.15
O04919,C0043,P0033,2025-07-08,1,0.1
O04920,C0255,P0076,2025-02-23,3,0.15
O04921,C0384,P0056,2025-12-14,4,0.0
O04922,C0429,P0087,2025-07-20,2,0.05
O04923,C0211,P0052,2025-06-12,4,0.05
O04924,C0066,P0034,2025-04-06,3,0.2
O04925,C0009,P0034,2025-03-06,4,0.2
O04926,C0367,P0097,2025-03-25,3,0.1
O04927,C0295,P0020,2025-09-01,4,0.0
O04928,C0221,P0099,2025-07-06,2,0.0
O04929,C0135,P0005,2026-01-17,3,0.2
O04930,C0264,P0061,2025-01-24,4,0.0
O04931,C0472,P0064,2026-06-11,3,0.05
O04932,C0291,P0097,2026-04-28,1,0.15
O04933,C0497,P0035,2026-03-13,3,0.1
O04934,C0429,P0089,2025-12-26,3,0.15
O04935,C0238,P0080,2026-01-14,2,0.15
O04936,C0011,P0026,2025-12-16,3,0.05
O04937,C0298,P0053,2025-09-07,3,0.0
O04938,C0127,P0077,2026-05-01,1,0.15
O04939,C0317,P0100,2026-05-11,2,0.2
O04940,C0277,P0068,2025-08-31,4,0.1
O04941,C0475,P0021,2026-04-19,4,0.15
O04942,C0258,P0005,2026-05-20,1,0.05
O04943,C0378,P0072,2025-09-18,4,0.05
O04944,C0213,P0026,2026-05-13,2,0.05
O04945,C0458,P0029,2025-10-21,3,0.2
O04946,C0346,P0005,2025-09-01,1,0.0
O04947,C0279,P0073,2026-02-28,1,0.1
O04948,C0415,P0008,2025-07-20,1,0.2
O04949,C0333,P0041,2025-07-08,1,0.0
O04950,C0447,P0057,2025-12-30,2,0.05
O04951,C0350,P0005,2025-09-07,4,0.05
O04952,C0400,P0082,2025-06-17,1,0.2
O04953,C0419,P0020,2025-11-17,3,0.0
O04954,C0109,P0018,2025-05-18,1,0.05
O04955,C0148,P0080,2025-08-18,2,0.1
O04956,C0081,P0025,2025-01-15,2,0.15
O04957,C0485,P0007,2025-10-02,3,0.2
O04958,C0068,P0005,2025-11-15,4,0.05
O04959,C0102,P0049,2025-02-11,2,0.2
O04960,C0113,P0024,2026-04-07,4,0.0
O04961,C0275,P0051,2025-10-22,1,0.1
O04962,C0400,P0083,2025-11-13,1,0.2
O04963,C0471,P0088,2025-06-12,1,0.0
O04964,C0074,P0049,2025-02-03,4,0.0
O04965,C0033,P0038,2026-03-12,3,0.0
O04966,C0408,P0028,2025-07-10,4,0.2
O04967,C0438,P0031,2025-06-22,1,0.1
O04968,C0350,P0002,2025-12-31,1,0.05
O04969,C0175,P0090,2025-05-23,1,0.2
O04970,C0206,P0063,2025-05-02,1,0.1
O04971,C0185,P0089,2025-12-04,3,0.0
O04972,C0193,P0013,2025-12-25,3,0.0
O04973,C0380,P0049,2026-05-02,3,0.15
O04974,C0271,P0044,2026-01-29,2,0.0
O04975,C0394,P0095,2025-03-09,3,0.2
O04976,C0047,P0019,2025-02-04,1,0.0
O04977,C0011,P0024,2025-08-26,4,0.15
O04978,C0215,P0070,2025-07-01,2,0.1
O04979,C0258,P0026,2026-06-25,2,0.05
O04980,C0260,P0081,2025-09-06,3,0.05
O04981,C0088,P0072,2026-02-15,4,0.15
O04982,C0384,P0004,2025-07-14,1,0.2
O04983,C0288,P0089,2025-02-18,4,0.15
O04984,C0301,P0015,2025-04-13,1,0.2
O04985,C0142,P0075,2025-10-26,3,0.15
O04986,C0282,P0020,2025-11-24,2,0.1
O04987,C0137,P0090,2026-02-14,1,0.05
O04988,C0100,P0042,2025-10-10,4,0.05
O04989,C0427,P0015,2025-06-07,1,0.05
O04990,C0049,P0006,2025-08-07,4,0.05
O04991,C0373,P0077,2026-01-29,1,0.2
O04992,C0261,P0083,2026-06-16,2,0.05
O04993,C0469,P0057,2026-03-19,2,0.2
O04994,C0052,P0016,2025-08-22,2,0.2
O04995,C0315,P0023,2025-08-08,3,0.2
O04996,C0397,P0061,2026-04-03,2,0.0
O04997,C0168,P0020,2025-02-21,3,0.15
O04998,C0460,P0091,2025-07-13,4,0.05
O04999,C0075,P0044,2025-02-01,3,0.15
O05000,C0500,P0009,2025-05-30,4,0.1
